date,sales,stock,price,day,month,year,day_of_week,is_weekend,lag_1,lag_7,rolling_mean_7,rolling_mean_30
2014-01-31,209,2514,0.99,31,1,2014,4,0,272.0,75.0,182.85714285714286,132.83333333333334
2014-02-01,369,2145,0.99,1,2,2014,5,1,209.0,198.0,207.28571428571428,145.13333333333333
2014-02-02,217,1928,0.99,2,2,2014,6,1,369.0,168.0,214.28571428571428,150.03333333333333
2014-02-03,97,1831,0.99,3,2,2014,0,0,217.0,125.0,210.28571428571428,151.3
2014-02-04,117,1714,0.99,4,2,2014,1,0,97.0,86.0,214.71428571428572,152.1
2014-02-05,100,1998,1.29,5,2,2014,2,0,117.0,222.0,197.28571428571428,152.23333333333332
2014-02-06,64,2126,1.29,6,2,2014,3,0,100.0,272.0,167.57142857142858,149.53333333333333
2014-02-07,35,2091,1.29,7,2,2014,4,0,64.0,209.0,142.71428571428572,144.73333333333332
2014-02-08,54,2037,1.29,8,2,2014,5,1,35.0,369.0,97.71428571428571,135.83333333333334
2014-02-09,55,1982,1.29,9,2,2014,6,1,54.0,217.0,74.57142857142857,133.5
2014-02-12,8,7228,1.29,12,2,2014,2,0,55.0,97.0,61.857142857142854,130.83333333333334
2014-02-13,43,7185,1.09,13,2,2014,3,0,8.0,117.0,51.285714285714285,126.0
2014-02-14,107,7078,1.09,14,2,2014,4,0,43.0,100.0,52.285714285714285,125.53333333333333
2014-02-15,116,6962,1.09,15,2,2014,5,1,107.0,64.0,59.714285714285715,124.93333333333334
2014-02-16,87,6875,1.09,16,2,2014,6,1,116.0,35.0,67.14285714285714,125.16666666666667
2014-02-17,66,6809,1.09,17,2,2014,0,0,87.0,54.0,68.85714285714286,124.63333333333334
2014-02-18,44,6765,1.09,18,2,2014,1,0,66.0,55.0,67.28571428571429,122.96666666666667
2014-02-19,33,6731,1.09,19,2,2014,2,0,44.0,8.0,70.85714285714286,118.76666666666667
2014-02-20,13,6718,1.09,20,2,2014,3,0,33.0,43.0,66.57142857142857,112.56666666666666
2014-02-21,53,6665,1.09,21,2,2014,4,0,13.0,107.0,58.857142857142854,110.86666666666666
2014-02-22,72,6593,1.09,22,2,2014,5,1,53.0,116.0,52.57142857142857,110.93333333333334
2014-02-23,50,6543,1.09,23,2,2014,6,1,72.0,87.0,47.285714285714285,108.36666666666666
2014-02-24,15,6528,1.09,24,2,2014,0,0,50.0,66.0,40.0,105.66666666666667
2014-02-25,12,6516,1.09,25,2,2014,1,0,15.0,44.0,35.42857142857143,103.56666666666666
2014-02-26,71,6445,1.09,26,2,2014,2,0,12.0,33.0,40.857142857142854,99.33333333333333
2014-02-27,37,6412,1.09,27,2,2014,3,0,71.0,13.0,44.285714285714285,94.96666666666667
2014-02-28,83,6329,1.09,28,2,2014,4,0,37.0,53.0,48.57142857142857,93.56666666666666
2014-03-01,94,6237,1.09,1,3,2014,5,1,83.0,72.0,51.714285714285715,93.83333333333333
2014-03-02,59,6178,1.09,2,3,2014,6,1,94.0,50.0,53.0,88.4
2014-03-03,49,6129,1.09,3,3,2014,0,0,59.0,15.0,57.857142857142854,80.96666666666667
2014-03-05,65,6012,1.09,5,3,2014,2,0,49.0,12.0,65.42857142857143,76.16666666666667
2014-03-06,55,5957,1.09,6,3,2014,3,0,65.0,71.0,63.142857142857146,65.7
2014-03-07,77,5880,1.09,7,3,2014,4,0,55.0,37.0,68.85714285714286,61.03333333333333
2014-03-08,122,5755,1.09,8,3,2014,5,1,77.0,83.0,74.42857142857143,61.86666666666667
2014-03-09,83,5672,1.09,9,3,2014,6,1,122.0,94.0,72.85714285714286,60.733333333333334
2014-03-10,75,5597,1.09,10,3,2014,0,0,83.0,59.0,75.14285714285714,59.9
2014-03-11,48,5549,1.09,11,3,2014,1,0,75.0,49.0,75.0,59.36666666666667
2014-03-12,45,5504,1.29,12,3,2014,2,0,48.0,65.0,72.14285714285714,59.7
2014-03-13,78,4659,1.29,13,3,2014,3,0,45.0,55.0,75.42857142857143,60.5
2014-03-14,122,4537,1.29,14,3,2014,4,0,78.0,77.0,81.85714285714286,62.733333333333334
2014-03-16,116,4274,1.29,16,3,2014,6,1,122.0,122.0,81.0,66.33333333333333
2014-03-17,48,4228,1.29,17,3,2014,0,0,116.0,83.0,76.0,66.5
2014-03-18,29,4199,1.29,18,3,2014,1,0,48.0,75.0,69.42857142857143,63.9
2014-03-19,91,4107,1.29,19,3,2014,2,0,29.0,48.0,75.57142857142857,63.06666666666667
2014-03-20,59,4048,1.29,20,3,2014,3,0,91.0,45.0,77.57142857142857,62.13333333333333
2014-03-21,68,3980,1.29,21,3,2014,4,0,59.0,78.0,76.14285714285714,62.2
2014-03-22,137,3843,1.28,22,3,2014,5,1,68.0,122.0,78.28571428571429,65.3
2014-03-23,56,3787,1.29,23,3,2014,6,1,137.0,116.0,69.71428571428571,66.06666666666666
2014-03-24,13,3774,1.29,24,3,2014,0,0,56.0,48.0,64.71428571428571,66.06666666666666
2014-03-25,45,3729,1.29,25,3,2014,1,0,13.0,29.0,67.0,65.8
2014-03-26,25,3704,1.29,26,3,2014,2,0,45.0,91.0,57.57142857142857,64.23333333333333
2014-03-27,25,3679,1.29,27,3,2014,3,0,25.0,59.0,52.714285714285715,63.4
2014-03-28,174,3505,1.19,28,3,2014,4,0,25.0,68.0,67.85714285714286,68.7
2014-03-29,138,3367,1.09,29,3,2014,5,1,174.0,137.0,68.0,72.9
2014-03-30,64,3303,1.09,30,3,2014,6,1,138.0,56.0,69.14285714285714,72.66666666666667
2014-03-31,77,3226,1.09,31,3,2014,0,0,64.0,13.0,78.28571428571429,74.0
2014-04-01,62,3164,1.09,1,4,2014,1,0,77.0,45.0,80.71428571428571,73.3
2014-04-02,119,3045,1.09,2,4,2014,2,0,62.0,25.0,94.14285714285714,74.13333333333334
2014-04-03,89,2956,1.09,3,4,2014,3,0,119.0,25.0,103.28571428571429,75.13333333333334
2014-04-04,133,2823,1.09,4,4,2014,4,0,89.0,174.0,97.42857142857143,77.93333333333334
2014-04-05,180,2643,1.09,5,4,2014,5,1,133.0,138.0,103.42857142857143,81.76666666666667
2014-04-06,121,2522,1.09,6,4,2014,6,1,180.0,64.0,111.57142857142857,83.96666666666667
2014-04-07,72,2450,1.09,7,4,2014,0,0,121.0,77.0,110.85714285714286,83.8
2014-04-08,91,2359,1.09,8,4,2014,1,0,72.0,62.0,115.0,82.76666666666667
2014-04-09,53,2306,1.09,9,4,2014,2,0,91.0,119.0,105.57142857142857,81.76666666666667
2014-04-10,47,2259,1.09,10,4,2014,3,0,53.0,89.0,99.57142857142857,80.83333333333333
2014-04-11,42,2217,1.09,11,4,2014,4,0,47.0,133.0,86.57142857142857,80.63333333333334
2014-04-12,124,2092,1.09,12,4,2014,5,1,42.0,180.0,78.57142857142857,83.26666666666667
2014-04-13,97,1995,1.09,13,4,2014,6,1,124.0,121.0,75.14285714285714,83.9
2014-04-14,119,1875,1.09,14,4,2014,0,0,97.0,72.0,81.85714285714286,83.8
2014-04-15,34,1841,1.29,15,4,2014,1,0,119.0,91.0,73.71428571428571,81.06666666666666
2014-04-16,18,1823,1.29,16,4,2014,2,0,34.0,53.0,68.71428571428571,80.06666666666666
2014-04-17,24,1799,1.29,17,4,2014,3,0,18.0,47.0,65.42857142857143,79.9
2014-04-18,57,1742,1.29,18,4,2014,4,0,24.0,42.0,67.57142857142857,78.76666666666667
2014-04-19,61,1681,1.29,19,4,2014,5,1,57.0,124.0,58.57142857142857,78.83333333333333
2014-04-20,30,1651,1.29,20,4,2014,6,1,61.0,97.0,49.0,77.56666666666666
2014-04-21,96,1554,1.29,21,4,2014,0,0,30.0,119.0,45.714285714285715,76.2
2014-04-22,0,1525,1.29,22,4,2014,1,0,96.0,34.0,40.857142857142854,74.33333333333333
2014-04-23,37,1488,1.29,23,4,2014,2,0,0.0,18.0,43.57142857142857,75.13333333333334
2014-04-24,30,1458,1.29,24,4,2014,3,0,37.0,24.0,44.42857142857143,74.63333333333334
2014-04-25,38,1420,1.29,25,4,2014,4,0,30.0,57.0,41.714285714285715,75.06666666666666
2014-04-26,88,1332,1.29,26,4,2014,5,1,38.0,61.0,45.57142857142857,77.16666666666667
2014-04-27,64,1268,1.29,27,4,2014,6,1,88.0,30.0,50.42857142857143,73.5
2014-04-28,13,1255,1.29,28,4,2014,0,0,64.0,96.0,38.57142857142857,69.33333333333333
2014-04-29,20,1255,1.29,29,4,2014,1,0,13.0,0.0,41.42857142857143,67.86666666666666
2014-04-30,31,1457,1.29,30,4,2014,2,0,20.0,37.0,40.57142857142857,66.33333333333333
2014-05-01,129,1263,1.29,1,5,2014,3,0,31.0,30.0,54.714285714285715,68.56666666666666
2014-05-02,94,1169,1.29,2,5,2014,4,0,129.0,38.0,62.714285714285715,67.73333333333333
2014-05-03,129,1904,1.29,3,5,2014,5,1,94.0,88.0,68.57142857142857,69.06666666666666
2014-05-04,126,1778,1.29,4,5,2014,6,1,129.0,64.0,77.42857142857143,68.83333333333333
2014-05-05,70,1708,1.29,5,5,2014,0,0,126.0,13.0,85.57142857142857,65.16666666666667
2014-05-06,48,1708,1.29,6,5,2014,1,0,70.0,20.0,89.57142857142857,62.733333333333334
2014-05-07,123,2044,1.29,7,5,2014,2,0,48.0,31.0,102.71428571428571,64.43333333333334
2014-05-08,87,1930,1.29,8,5,2014,3,0,123.0,129.0,96.71428571428571,64.3
2014-05-09,65,1961,1.29,9,5,2014,4,0,87.0,94.0,92.57142857142857,64.7
2014-05-10,102,1859,1.29,10,5,2014,5,1,65.0,129.0,88.71428571428571,66.53333333333333
2014-05-11,78,1781,1.29,11,5,2014,6,1,102.0,126.0,81.85714285714286,67.73333333333333
2014-05-12,49,1828,1.29,12,5,2014,0,0,78.0,70.0,78.85714285714286,65.23333333333333
2014-05-13,0,1800,1.29,13,5,2014,1,0,49.0,48.0,72.0,62.0
2014-05-14,68,1687,1.09,14,5,2014,2,0,0.0,123.0,64.14285714285714,60.3
2014-05-15,102,1969,1.09,15,5,2014,3,0,68.0,87.0,66.28571428571429,62.56666666666667
2014-05-16,88,1977,1.09,16,5,2014,4,0,102.0,65.0,69.57142857142857,64.9
2014-05-17,170,1807,1.09,17,5,2014,5,1,88.0,102.0,79.28571428571429,69.76666666666667
2014-05-18,152,1655,1.09,18,5,2014,6,1,170.0,78.0,89.85714285714286,72.93333333333334
2014-05-19,90,1661,1.09,19,5,2014,0,0,152.0,49.0,95.71428571428571,73.9
2014-05-20,101,1751,1.09,20,5,2014,1,0,90.0,0.0,110.14285714285714,76.26666666666667
2014-05-21,71,1680,1.43,21,5,2014,2,0,101.0,68.0,110.57142857142857,75.43333333333334
2014-05-22,48,2016,1.49,22,5,2014,3,0,71.0,102.0,102.85714285714286,77.03333333333333
2014-05-23,40,1976,1.49,23,5,2014,4,0,48.0,88.0,96.0,77.13333333333334
2014-05-24,93,1883,1.49,24,5,2014,5,1,40.0,170.0,85.0,79.23333333333333
2014-05-25,45,1838,1.49,25,5,2014,6,1,93.0,152.0,69.71428571428571,79.46666666666667
2014-05-26,58,1876,1.49,26,5,2014,0,0,45.0,90.0,65.14285714285714,78.46666666666667
2014-05-27,53,1919,1.49,27,5,2014,1,0,58.0,101.0,58.285714285714285,78.1
2014-05-28,42,3317,1.49,28,5,2014,2,0,53.0,71.0,54.142857142857146,79.06666666666666
2014-05-29,52,3841,1.49,29,5,2014,3,0,42.0,48.0,54.714285714285715,80.13333333333334
2014-05-30,29,3811,1.99,30,5,2014,4,0,52.0,40.0,53.142857142857146,80.06666666666666
2014-05-31,91,3720,1.99,31,5,2014,5,1,29.0,93.0,52.857142857142854,78.8
2014-06-01,75,3645,1.99,1,6,2014,6,1,91.0,45.0,57.142857142857146,78.16666666666667
2014-06-02,75,3570,1.99,2,6,2014,0,0,75.0,58.0,59.57142857142857,76.36666666666666
2014-06-03,179,3391,1.19,3,6,2014,1,0,75.0,53.0,77.57142857142857,78.13333333333334
2014-06-04,252,3140,1.19,4,6,2014,2,0,179.0,42.0,107.57142857142857,84.2
2014-06-05,202,2938,1.19,5,6,2014,3,0,252.0,52.0,129.0,89.33333333333333
2014-06-06,161,2777,1.19,6,6,2014,4,0,202.0,29.0,147.85714285714286,90.6
2014-06-07,331,2446,1.19,7,6,2014,5,1,161.0,91.0,182.14285714285714,98.73333333333333
2014-06-08,271,2175,1.19,8,6,2014,6,1,331.0,75.0,210.14285714285714,105.6
2014-06-09,146,1949,1.19,9,6,2014,0,0,271.0,75.0,220.28571428571428,107.06666666666666
2014-06-10,2,1946,1.19,10,6,2014,1,0,146.0,179.0,195.0,104.53333333333333
2014-06-11,2,2136,1.19,11,6,2014,2,0,2.0,252.0,159.28571428571428,102.96666666666667
2014-06-12,0,2136,0.0,12,6,2014,3,0,2.0,202.0,130.42857142857142,102.96666666666667
2014-06-13,0,2328,1.49,13,6,2014,4,0,0.0,161.0,107.42857142857143,100.7
2014-06-14,0,2328,1.49,14,6,2014,5,1,0.0,331.0,60.142857142857146,97.3
2014-06-15,13,2315,1.49,15,6,2014,6,1,0.0,271.0,23.285714285714285,94.8
2014-06-16,30,2285,1.49,16,6,2014,0,0,13.0,146.0,6.714285714285714,90.13333333333334
2014-06-17,34,2251,1.49,17,6,2014,1,0,30.0,2.0,11.285714285714286,86.2
2014-06-18,8,2243,1.49,18,6,2014,2,0,34.0,2.0,12.142857142857142,83.46666666666667
2014-06-19,67,2176,1.29,19,6,2014,3,0,8.0,0.0,21.714285714285715,82.33333333333333
2014-06-20,41,2135,1.29,20,6,2014,4,0,67.0,0.0,27.571428571428573,81.33333333333333
2014-06-21,89,2046,1.29,21,6,2014,5,1,41.0,0.0,40.285714285714285,82.7
2014-06-22,49,1997,1.29,22,6,2014,6,1,89.0,13.0,45.42857142857143,83.0
2014-06-23,62,2031,1.29,23,6,2014,0,0,49.0,30.0,50.0,81.96666666666667
2014-06-24,81,2046,1.29,24,6,2014,1,0,62.0,34.0,56.714285714285715,83.16666666666667
2014-06-25,42,2004,1.29,25,6,2014,2,0,81.0,8.0,61.57142857142857,82.63333333333334
2014-06-26,63,2037,1.29,26,6,2014,3,0,42.0,67.0,61.0,82.96666666666667
2014-06-27,107,1930,1.18,27,6,2014,4,0,63.0,41.0,70.42857142857143,85.13333333333334
2014-06-28,83,1847,1.19,28,6,2014,5,1,107.0,89.0,69.57142857142857,86.16666666666667
2014-06-29,102,1745,1.19,29,6,2014,6,1,83.0,49.0,77.14285714285714,88.6
2014-06-30,62,1779,1.29,30,6,2014,0,0,102.0,62.0,77.14285714285714,87.63333333333334
2014-07-01,29,1750,1.29,1,7,2014,1,0,62.0,81.0,69.71428571428571,86.1
2014-07-02,63,1687,1.29,2,7,2014,2,0,29.0,42.0,72.71428571428571,85.7
2014-07-03,97,1590,1.29,3,7,2014,3,0,63.0,63.0,77.57142857142857,82.96666666666667
2014-07-04,136,1454,1.29,4,7,2014,4,0,97.0,107.0,81.71428571428571,79.1
2014-07-05,335,1119,1.29,5,7,2014,5,1,136.0,83.0,117.71428571428571,83.53333333333333
2014-07-06,299,820,1.29,6,7,2014,6,1,335.0,102.0,145.85714285714286,88.13333333333334
2014-07-07,5,814,1.29,7,7,2014,0,0,299.0,62.0,137.71428571428572,77.26666666666667
2014-07-08,2,812,1.29,8,7,2014,1,0,5.0,29.0,133.85714285714286,68.3
2014-07-09,9,803,1.29,9,7,2014,2,0,2.0,63.0,126.14285714285714,63.733333333333334
2014-07-10,9,794,1.29,10,7,2014,3,0,9.0,97.0,113.57142857142857,63.96666666666667
2014-07-11,0,794,1.29,11,7,2014,4,0,9.0,136.0,94.14285714285714,63.9
2014-07-12,0,794,1.29,12,7,2014,5,1,0.0,335.0,46.285714285714285,63.9
2014-07-13,0,794,1.29,13,7,2014,6,1,0.0,299.0,3.5714285714285716,63.9
2014-07-14,0,794,1.29,14,7,2014,0,0,0.0,5.0,2.857142857142857,63.9
2014-07-15,0,794,0.0,15,7,2014,1,0,0.0,2.0,2.5714285714285716,63.46666666666667
2014-07-16,0,794,0.0,16,7,2014,2,0,0.0,9.0,1.2857142857142858,62.46666666666667
2014-07-17,0,794,0.0,17,7,2014,3,0,0.0,9.0,0.0,61.333333333333336
2014-07-18,0,794,0.0,18,7,2014,4,0,0.0,0.0,0.0,61.06666666666667
2014-07-19,0,794,1.49,19,7,2014,5,1,0.0,0.0,0.0,58.833333333333336
2014-07-20,0,794,1.49,20,7,2014,6,1,0.0,0.0,0.0,57.46666666666667
2014-07-21,0,794,1.49,21,7,2014,0,0,0.0,0.0,0.0,54.5
2014-07-22,2,792,1.49,22,7,2014,1,0,0.0,0.0,0.2857142857142857,52.93333333333333
2014-07-23,0,792,1.49,23,7,2014,2,0,2.0,0.0,0.2857142857142857,50.86666666666667
2014-07-24,0,888,1.49,24,7,2014,3,0,0.0,0.0,0.2857142857142857,48.166666666666664
2014-07-25,15,873,1.49,25,7,2014,4,0,0.0,0.0,2.4285714285714284,47.266666666666666
2014-07-26,9,864,1.49,26,7,2014,5,1,15.0,0.0,3.7142857142857144,45.46666666666667
2014-07-27,13,851,1.49,27,7,2014,6,1,9.0,0.0,5.571428571428571,42.333333333333336
2014-07-28,15,1220,1.22,28,7,2014,0,0,13.0,0.0,7.714285714285714,40.06666666666667
2014-07-29,26,1207,2.98,29,7,2014,1,0,15.0,2.0,11.142857142857142,37.53333333333333
2014-07-30,16,1191,1.55,30,7,2014,2,0,26.0,0.0,13.428571428571429,36.0
2014-07-31,51,1140,1.55,31,7,2014,3,0,16.0,0.0,20.714285714285715,36.733333333333334
2014-08-01,47,1093,1.55,1,8,2014,4,0,51.0,15.0,25.285714285714285,36.2
2014-08-02,56,1037,1.55,2,8,2014,5,1,47.0,9.0,32.0,34.833333333333336
2014-08-03,45,992,1.55,3,8,2014,6,1,56.0,13.0,36.57142857142857,31.8
2014-08-04,40,952,1.55,4,8,2014,0,0,45.0,15.0,40.142857142857146,21.966666666666665
2014-08-05,17,935,1.55,5,8,2014,1,0,40.0,26.0,38.857142857142854,12.566666666666666
2014-08-06,103,832,1.29,6,8,2014,2,0,17.0,16.0,51.285714285714285,15.833333333333334
2014-08-07,72,760,1.29,7,8,2014,3,0,103.0,51.0,54.285714285714285,18.166666666666668
2014-08-08,56,704,1.29,8,8,2014,4,0,72.0,47.0,55.57142857142857,19.733333333333334
2014-08-09,0,704,1.29,9,8,2014,5,1,56.0,56.0,47.57142857142857,19.433333333333334
2014-08-10,1,703,1.29,10,8,2014,6,1,0.0,45.0,41.285714285714285,19.466666666666665
2014-08-11,0,703,1.29,11,8,2014,0,0,1.0,40.0,35.57142857142857,19.466666666666665
2014-08-12,0,703,1.29,12,8,2014,1,0,0.0,17.0,33.142857142857146,19.466666666666665
2014-08-13,0,703,1.29,13,8,2014,2,0,0.0,103.0,18.428571428571427,19.466666666666665
2014-08-14,0,703,1.29,14,8,2014,3,0,0.0,72.0,8.142857142857142,19.466666666666665
2014-08-15,0,703,1.55,15,8,2014,4,0,0.0,56.0,0.14285714285714285,19.466666666666665
2014-08-16,0,703,1.55,16,8,2014,5,1,0.0,0.0,0.14285714285714285,19.466666666666665
2014-08-17,0,703,1.55,17,8,2014,6,1,0.0,1.0,0.0,19.466666666666665
2014-08-18,0,2143,1.55,18,8,2014,0,0,0.0,0.0,0.0,19.466666666666665
2014-08-19,0,2143,1.55,19,8,2014,1,0,0.0,0.0,0.0,19.466666666666665
2014-08-20,68,2075,1.55,20,8,2014,2,0,0.0,0.0,9.714285714285714,21.733333333333334
2014-08-21,169,1908,1.19,21,8,2014,3,0,68.0,0.0,33.857142857142854,27.3
2014-08-22,213,1695,1.19,22,8,2014,4,0,169.0,0.0,64.28571428571429,34.4
2014-08-23,338,1356,1.19,23,8,2014,5,1,213.0,0.0,112.57142857142857,45.666666666666664
2014-08-24,129,1227,1.19,24,8,2014,6,1,338.0,0.0,131.0,49.46666666666667
2014-08-26,13,1271,1.19,26,8,2014,1,0,129.0,0.0,132.85714285714286,49.6
2014-08-27,85,1186,1.19,27,8,2014,2,0,13.0,0.0,145.0,52.0
2014-08-28,0,1186,0.0,28,8,2014,3,0,85.0,68.0,135.28571428571428,51.5
2014-08-29,0,1186,1.29,29,8,2014,4,0,0.0,169.0,111.14285714285714,50.63333333333333
2014-08-30,0,1186,1.29,30,8,2014,5,1,0.0,213.0,80.71428571428571,50.1
2014-08-31,0,1186,1.29,31,8,2014,6,1,0.0,338.0,32.42857142857143,48.4
2014-09-01,0,1474,1.29,1,9,2014,0,0,0.0,129.0,14.0,46.833333333333336
2014-09-02,0,1474,1.29,2,9,2014,1,0,0.0,13.0,12.142857142857142,44.96666666666667
2014-09-03,0,1474,1.29,3,9,2014,2,0,0.0,85.0,0.0,43.46666666666667
2014-09-04,0,1474,1.29,4,9,2014,3,0,0.0,0.0,0.0,42.13333333333333
2014-09-05,0,2146,1.29,5,9,2014,4,0,0.0,0.0,0.0,41.56666666666667
2014-09-06,0,2146,1.29,6,9,2014,5,1,0.0,0.0,0.0,38.13333333333333
2014-09-07,0,2146,1.29,7,9,2014,6,1,0.0,0.0,0.0,35.733333333333334
2014-09-08,64,2082,1.29,8,9,2014,0,0,0.0,0.0,9.142857142857142,36.0
2014-09-09,154,1928,1.29,9,9,2014,1,0,64.0,0.0,31.142857142857142,41.13333333333333
2014-09-10,143,1785,1.29,10,9,2014,2,0,154.0,0.0,51.57142857142857,45.86666666666667
2014-09-11,96,1689,1.29,11,9,2014,3,0,143.0,0.0,65.28571428571429,49.06666666666667
2014-09-12,140,1549,1.29,12,9,2014,4,0,96.0,0.0,85.28571428571429,53.733333333333334
2014-09-13,67,1484,1.29,13,9,2014,5,1,140.0,0.0,94.85714285714286,55.96666666666667
2014-09-14,3,1481,1.29,14,9,2014,6,1,67.0,0.0,95.28571428571429,56.06666666666667
2014-09-15,71,1410,1.29,15,9,2014,0,0,3.0,64.0,96.28571428571429,58.43333333333333
2014-09-16,58,1352,1.29,16,9,2014,1,0,71.0,154.0,82.57142857142857,60.36666666666667
2014-09-17,62,1962,1.29,17,9,2014,2,0,58.0,143.0,71.0,62.43333333333333
2014-09-18,62,1996,1.29,18,9,2014,3,0,62.0,96.0,66.14285714285714,64.5
2014-09-19,62,2126,1.29,19,9,2014,4,0,62.0,140.0,55.0,66.56666666666666
2014-09-20,168,2532,1.29,20,9,2014,5,1,62.0,67.0,69.42857142857143,69.9
2014-09-21,99,2433,1.29,21,9,2014,6,1,168.0,3.0,83.14285714285714,67.56666666666666
2014-09-22,39,2394,1.29,22,9,2014,0,0,99.0,71.0,78.57142857142857,61.766666666666666
2014-09-23,64,2285,1.29,23,9,2014,1,0,39.0,58.0,79.42857142857143,52.63333333333333
2014-09-24,117,2168,1.29,24,9,2014,2,0,64.0,62.0,87.28571428571429,52.233333333333334
2014-09-25,104,2064,1.29,25,9,2014,3,0,117.0,62.0,93.28571428571429,55.266666666666666
2014-09-26,108,1956,1.29,26,9,2014,4,0,104.0,62.0,99.85714285714286,56.03333333333333
2014-09-27,234,1014,1.29,27,9,2014,5,1,108.0,168.0,109.28571428571429,63.833333333333336
2014-09-28,97,917,1.29,28,9,2014,6,1,234.0,99.0,109.0,67.06666666666666
2014-09-29,85,832,1.29,29,9,2014,0,0,97.0,39.0,115.57142857142857,69.9
2014-09-30,88,1896,1.29,30,9,2014,1,0,85.0,64.0,119.0,72.83333333333333
2014-10-01,190,1801,1.29,1,10,2014,2,0,88.0,117.0,129.42857142857142,79.16666666666667
2014-10-02,163,1637,1.29,2,10,2014,3,0,190.0,104.0,137.85714285714286,84.6
2014-10-03,90,1835,1.29,3,10,2014,4,0,163.0,108.0,135.28571428571428,87.6
2014-10-04,105,1730,1.29,4,10,2014,5,1,90.0,234.0,116.85714285714286,91.1
2014-10-05,47,1683,1.29,5,10,2014,6,1,105.0,97.0,109.71428571428571,92.66666666666667
2014-10-06,66,2097,1.29,6,10,2014,0,0,47.0,85.0,107.0,94.86666666666666
2014-10-07,84,2109,1.29,7,10,2014,1,0,66.0,88.0,106.42857142857143,97.66666666666667
2014-10-08,80,2028,1.29,8,10,2014,2,0,84.0,190.0,90.71428571428571,98.2
2014-10-09,97,1934,1.29,9,10,2014,3,0,80.0,163.0,81.28571428571429,96.3
2014-10-10,64,2254,1.29,10,10,2014,4,0,97.0,90.0,77.57142857142857,93.66666666666667
2014-10-11,128,2126,1.29,11,10,2014,5,1,64.0,105.0,80.85714285714286,94.73333333333333
2014-10-12,85,2041,1.29,12,10,2014,6,1,128.0,47.0,86.28571428571429,92.9
2014-10-13,50,2087,1.29,13,10,2014,0,0,85.0,66.0,84.0,92.33333333333333
2014-10-14,91,1996,1.29,14,10,2014,1,0,50.0,84.0,85.0,95.26666666666667
2014-10-15,93,1903,1.29,15,10,2014,2,0,91.0,80.0,86.85714285714286,96.0
2014-10-16,50,1852,1.29,16,10,2014,3,0,93.0,97.0,80.14285714285714,95.73333333333333
2014-10-17,85,2246,1.29,17,10,2014,4,0,50.0,64.0,83.14285714285714,96.5
2014-10-18,129,2117,1.29,18,10,2014,5,1,85.0,128.0,83.28571428571429,98.73333333333333
2014-10-19,119,1998,1.29,19,10,2014,6,1,129.0,85.0,88.14285714285714,100.63333333333334
2014-10-20,45,2049,1.29,20,10,2014,0,0,119.0,50.0,87.42857142857143,96.53333333333333
2014-10-21,78,2067,1.29,21,10,2014,1,0,45.0,91.0,85.57142857142857,95.83333333333333
2014-10-22,90,1977,1.29,22,10,2014,2,0,78.0,93.0,85.14285714285714,97.53333333333333
2014-10-23,78,1899,1.29,23,10,2014,3,0,90.0,50.0,89.14285714285714,98.0
2014-10-24,62,1837,1.29,24,10,2014,4,0,78.0,85.0,85.85714285714286,96.16666666666667
2014-10-25,97,1740,1.29,25,10,2014,5,1,62.0,129.0,81.28571428571429,95.93333333333334
2014-10-26,111,1629,1.29,26,10,2014,6,1,97.0,119.0,80.14285714285714,96.03333333333333
2014-10-27,55,1574,1.29,27,10,2014,0,0,111.0,45.0,81.57142857142857,90.06666666666666
2014-10-28,60,1510,1.29,28,10,2014,1,0,55.0,78.0,79.0,88.83333333333333
2014-10-29,61,1449,1.29,29,10,2014,2,0,60.0,90.0,74.85714285714286,88.03333333333333
2014-10-30,81,1368,1.49,30,10,2014,3,0,61.0,78.0,75.28571428571429,87.8
2014-10-31,131,1237,1.49,31,10,2014,4,0,81.0,62.0,85.14285714285714,85.83333333333333
2014-11-01,160,1077,1.49,1,11,2014,5,1,131.0,97.0,94.14285714285714,85.73333333333333
2014-11-02,131,946,1.49,2,11,2014,6,1,160.0,111.0,97.0,87.1
2014-11-03,43,903,1.49,3,11,2014,0,0,131.0,55.0,95.28571428571429,85.03333333333333
2014-11-04,34,869,1.49,4,11,2014,1,0,43.0,60.0,91.57142857142857,84.6
2014-11-05,33,836,1.49,5,11,2014,2,0,34.0,61.0,87.57142857142857,83.5
2014-11-06,37,799,1.49,6,11,2014,3,0,33.0,81.0,81.28571428571429,81.93333333333334
2014-11-07,82,717,1.49,7,11,2014,4,0,37.0,131.0,74.28571428571429,82.0
2014-11-08,542,175,1.49,8,11,2014,5,1,82.0,160.0,128.85714285714286,96.83333333333333
2014-11-09,239,0,1.49,9,11,2014,6,1,542.0,131.0,144.28571428571428,102.66666666666667
2014-11-10,51,0,1.49,10,11,2014,0,0,239.0,43.0,145.42857142857142,100.1
2014-11-11,51,80,1.49,11,11,2014,1,0,51.0,34.0,147.85714285714286,98.96666666666667
2014-11-12,41,34,1.49,12,11,2014,2,0,51.0,33.0,149.0,98.66666666666667
2014-11-13,1,33,1.49,13,11,2014,3,0,41.0,37.0,143.85714285714286,95.66666666666667
2014-11-14,0,33,1.49,14,11,2014,4,0,1.0,82.0,132.14285714285714,92.56666666666666
2014-11-15,1,32,1.49,15,11,2014,5,1,0.0,542.0,54.857142857142854,90.93333333333334
2014-11-16,0,32,1.49,16,11,2014,6,1,1.0,239.0,20.714285714285715,88.1
2014-11-17,0,32,1.49,17,11,2014,0,0,0.0,51.0,13.428571428571429,83.8
2014-11-18,7,25,1.49,18,11,2014,1,0,0.0,51.0,7.142857142857143,80.06666666666666
2014-11-19,1,24,1.49,19,11,2014,2,0,7.0,41.0,1.4285714285714286,78.6
2014-11-20,4,20,1.29,20,11,2014,3,0,1.0,1.0,1.8571428571428572,76.13333333333334
2014-11-21,1,19,1.29,21,11,2014,4,0,4.0,0.0,2.0,73.16666666666667
2014-11-22,1,18,1.29,22,11,2014,5,1,1.0,1.0,2.0,70.6
2014-11-23,2,16,1.29,23,11,2014,6,1,1.0,0.0,2.2857142857142856,68.6
2014-11-24,0,16,1.29,24,11,2014,0,0,2.0,0.0,2.2857142857142856,65.36666666666666
2014-11-25,0,16,1.29,25,11,2014,1,0,0.0,7.0,1.2857142857142858,61.666666666666664
2014-11-26,0,16,1.29,26,11,2014,2,0,0.0,1.0,1.1428571428571428,59.833333333333336
2014-11-27,0,16,1.29,27,11,2014,3,0,0.0,4.0,0.5714285714285714,57.833333333333336
2014-11-28,0,16,1.29,28,11,2014,4,0,0.0,1.0,0.42857142857142855,55.8
2014-11-29,0,16,1.29,29,11,2014,5,1,0.0,1.0,0.2857142857142857,53.1
2014-11-30,0,16,1.29,30,11,2014,6,1,0.0,2.0,0.0,48.733333333333334
2014-12-01,0,16,1.29,1,12,2014,0,0,0.0,0.0,0.0,43.4
2014-12-02,0,16,1.29,2,12,2014,1,0,0.0,0.0,0.0,39.03333333333333
2014-12-03,0,16,1.29,3,12,2014,2,0,0.0,0.0,0.0,37.6
2014-12-04,0,16,1.29,4,12,2014,3,0,0.0,0.0,0.0,36.46666666666667
2014-12-05,0,16,1.49,5,12,2014,4,0,0.0,0.0,0.0,35.36666666666667
2014-12-06,0,16,1.49,6,12,2014,5,1,0.0,0.0,0.0,34.13333333333333
2014-12-07,0,16,1.49,7,12,2014,6,1,0.0,0.0,0.0,31.4
2014-12-08,0,16,1.49,8,12,2014,0,0,0.0,0.0,0.0,13.333333333333334
2014-12-09,0,16,1.49,9,12,2014,1,0,0.0,0.0,0.0,5.366666666666666
2014-12-10,0,16,1.49,10,12,2014,2,0,0.0,0.0,0.0,3.6666666666666665
2014-12-11,0,16,1.49,11,12,2014,3,0,0.0,0.0,0.0,1.9666666666666666
2014-12-12,0,16,1.49,12,12,2014,4,0,0.0,0.0,0.0,0.6
2014-12-13,0,16,1.49,13,12,2014,5,1,0.0,0.0,0.0,0.5666666666666667
2014-12-14,0,16,1.49,14,12,2014,6,1,0.0,0.0,0.0,0.5666666666666667
2014-12-15,0,688,1.49,15,12,2014,0,0,0.0,0.0,0.0,0.5333333333333333
2014-12-16,49,735,1.49,16,12,2014,1,0,0.0,0.0,7.0,2.1666666666666665
2014-12-17,157,578,1.29,17,12,2014,2,0,49.0,0.0,29.428571428571427,7.4
2014-12-18,193,385,1.29,18,12,2014,3,0,157.0,0.0,57.0,13.6
2014-12-19,94,291,1.29,19,12,2014,4,0,193.0,0.0,70.42857142857143,16.7
2014-12-20,135,156,1.29,20,12,2014,5,1,94.0,0.0,89.71428571428571,21.066666666666666
2014-12-21,118,38,1.29,21,12,2014,6,1,135.0,0.0,106.57142857142857,24.966666666666665
2014-12-22,18,116,1.29,22,12,2014,0,0,118.0,0.0,109.14285714285714,25.533333333333335
2014-12-23,0,116,1.29,23,12,2014,1,0,18.0,49.0,102.14285714285714,25.466666666666665
2014-12-24,14,102,1.29,24,12,2014,2,0,0.0,157.0,81.71428571428571,25.933333333333334
2014-12-25,0,102,1.29,25,12,2014,3,0,14.0,193.0,54.142857142857146,25.933333333333334
2014-12-26,20,82,1.29,26,12,2014,4,0,0.0,94.0,43.57142857142857,26.6
2014-12-27,42,328,1.29,27,12,2014,5,1,20.0,135.0,30.285714285714285,28.0
2014-12-28,45,283,1.29,28,12,2014,6,1,42.0,118.0,19.857142857142858,29.5
2014-12-29,55,612,1.29,29,12,2014,0,0,45.0,18.0,25.142857142857142,31.333333333333332
2014-12-30,59,553,1.29,30,12,2014,1,0,55.0,0.0,33.57142857142857,33.3
2014-12-31,11,542,1.29,31,12,2014,2,0,59.0,14.0,33.142857142857146,33.666666666666664
2015-01-01,0,542,1.29,1,1,2015,3,0,11.0,0.0,33.142857142857146,33.666666666666664
2015-01-02,77,561,1.29,2,1,2015,4,0,0.0,20.0,41.285714285714285,36.233333333333334
2015-01-03,60,2229,1.29,3,1,2015,5,1,77.0,42.0,43.857142857142854,38.233333333333334
2015-01-04,1,2228,1.29,4,1,2015,6,1,60.0,45.0,37.57142857142857,38.266666666666666
2015-01-05,69,2351,1.29,5,1,2015,0,0,1.0,55.0,39.57142857142857,40.56666666666667
2015-01-06,98,2253,1.29,6,1,2015,1,0,69.0,59.0,45.142857142857146,43.833333333333336
2015-01-07,119,2134,1.29,7,1,2015,2,0,98.0,11.0,60.57142857142857,47.8
2015-01-08,93,2137,1.29,8,1,2015,3,0,119.0,0.0,73.85714285714286,50.9
2015-01-09,92,2045,1.29,9,1,2015,4,0,93.0,77.0,76.0,53.96666666666667
2015-01-10,112,1933,1.29,10,1,2015,5,1,92.0,60.0,83.42857142857143,57.7
2015-01-11,96,1837,1.29,11,1,2015,6,1,112.0,1.0,97.0,60.9
2015-01-12,93,1744,1.29,12,1,2015,0,0,96.0,69.0,100.42857142857143,64.0
2015-01-13,65,1679,1.29,13,1,2015,1,0,93.0,98.0,95.71428571428571,66.16666666666667
2015-01-14,100,1581,1.29,14,1,2015,2,0,65.0,119.0,93.0,69.5
2015-01-15,51,1530,1.49,15,1,2015,3,0,100.0,93.0,87.0,69.56666666666666
2015-01-16,55,1475,1.49,16,1,2015,4,0,51.0,92.0,81.71428571428571,66.16666666666667
2015-01-17,71,1403,1.49,17,1,2015,5,1,55.0,112.0,75.85714285714286,62.1
2015-01-18,57,1346,1.49,18,1,2015,6,1,71.0,96.0,70.28571428571429,60.86666666666667
2015-01-19,34,1312,1.49,19,1,2015,0,0,57.0,93.0,61.857142857142854,57.5
2015-01-20,47,1265,1.49,20,1,2015,1,0,34.0,65.0,59.285714285714285,55.13333333333333
2015-01-21,88,1177,1.29,21,1,2015,2,0,47.0,100.0,57.57142857142857,57.46666666666667
2015-01-22,51,1126,1.29,22,1,2015,3,0,88.0,51.0,57.57142857142857,59.166666666666664
2015-01-23,49,1076,1.29,23,1,2015,4,0,51.0,55.0,56.714285714285715,60.333333333333336
2015-01-24,110,966,1.29,24,1,2015,5,1,49.0,71.0,62.285714285714285,64.0
2015-01-25,30,936,1.29,25,1,2015,6,1,110.0,57.0,58.42857142857143,64.33333333333333
2015-01-26,59,877,1.29,26,1,2015,0,0,30.0,34.0,62.0,64.9
2015-01-27,97,780,1.29,27,1,2015,1,0,59.0,47.0,69.14285714285714,66.63333333333334
2015-01-28,155,625,1.29,28,1,2015,2,0,97.0,88.0,78.71428571428571,69.96666666666667
2015-01-29,125,500,1.29,29,1,2015,3,0,155.0,51.0,89.28571428571429,72.16666666666667
2015-01-30,100,496,1.29,30,1,2015,4,0,125.0,49.0,96.57142857142857,75.13333333333334
2015-01-31,211,285,1.29,31,1,2015,5,1,100.0,110.0,111.0,82.16666666666667
2015-02-01,88,197,1.29,1,2,2015,6,1,211.0,30.0,119.28571428571429,82.53333333333333
2015-02-02,114,467,1.29,2,2,2015,0,0,88.0,59.0,127.14285714285714,84.33333333333333
2015-02-03,89,570,1.29,3,2,2015,1,0,114.0,97.0,126.0,87.26666666666667
2015-02-04,118,548,1.29,4,2,2015,2,0,89.0,155.0,120.71428571428571,88.9
2015-02-05,84,1136,1.29,5,2,2015,3,0,118.0,125.0,114.85714285714286,88.43333333333334
2015-02-06,125,1299,1.29,6,2,2015,4,0,84.0,100.0,118.42857142857143,88.63333333333334
2015-02-07,184,1211,1.04,7,2,2015,5,1,125.0,211.0,114.57142857142857,91.66666666666667
2015-02-08,107,1104,1.29,8,2,2015,6,1,184.0,88.0,117.28571428571429,92.16666666666667
2015-02-09,70,1033,1.29,9,2,2015,0,0,107.0,114.0,111.0,90.76666666666667
2015-02-10,66,1063,1.29,10,2,2015,1,0,70.0,89.0,107.71428571428571,89.76666666666667
2015-02-11,89,974,1.29,11,2,2015,2,0,66.0,118.0,103.57142857142857,89.63333333333334
2015-02-12,50,1116,2.84,12,2,2015,3,0,89.0,84.0,98.71428571428571,89.13333333333334
2015-02-13,20,1096,2.89,13,2,2015,4,0,50.0,125.0,83.71428571428571,86.46666666666667
2015-02-14,77,1019,2.89,14,2,2015,5,1,20.0,184.0,68.42857142857143,87.33333333333333
2015-02-15,33,986,2.89,15,2,2015,6,1,77.0,107.0,57.857142857142854,86.6
2015-02-16,47,1035,2.89,16,2,2015,0,0,33.0,70.0,54.57142857142857,85.8
2015-02-17,35,1000,2.89,17,2,2015,1,0,47.0,66.0,50.142857142857146,85.06666666666666
2015-02-18,60,1228,2.89,18,2,2015,2,0,35.0,89.0,46.0,85.93333333333334
2015-02-19,31,1197,2.89,19,2,2015,3,0,60.0,50.0,43.285714285714285,85.4
2015-02-20,35,1162,2.89,20,2,2015,4,0,31.0,20.0,45.42857142857143,83.63333333333334
2015-02-21,80,1082,2.87,21,2,2015,5,1,35.0,77.0,45.857142857142854,84.6
2015-02-22,42,1039,2.89,22,2,2015,6,1,80.0,33.0,47.142857142857146,84.36666666666666
2015-02-23,23,1016,2.89,23,2,2015,0,0,42.0,47.0,43.714285714285715,81.46666666666667
2015-02-24,19,997,2.89,24,2,2015,1,0,23.0,35.0,41.42857142857143,81.1
2015-02-25,18,1075,2.89,25,2,2015,2,0,19.0,60.0,35.42857142857143,79.73333333333333
2015-02-26,37,1134,2.89,26,2,2015,3,0,18.0,31.0,36.285714285714285,77.73333333333333
2015-02-27,50,1084,2.89,27,2,2015,4,0,37.0,35.0,38.42857142857143,74.23333333333333
2015-02-28,127,957,2.89,28,2,2015,5,1,50.0,80.0,45.142857142857146,74.3
2015-03-01,123,834,2.89,1,3,2015,6,1,127.0,42.0,56.714285714285715,75.06666666666666
2015-03-02,44,789,2.89,2,3,2015,0,0,123.0,23.0,59.714285714285715,69.5
2015-03-03,22,767,2.89,3,3,2015,1,0,44.0,19.0,60.142857142857146,67.3
2015-03-04,31,736,2.89,4,3,2015,2,0,22.0,18.0,62.0,64.53333333333333
2015-03-05,22,714,2.89,5,3,2015,3,0,31.0,37.0,59.857142857142854,62.3
2015-03-06,40,674,2.89,6,3,2015,4,0,22.0,50.0,58.42857142857143,59.7
2015-03-07,62,612,2.89,7,3,2015,5,1,40.0,127.0,49.142857142857146,58.96666666666667
2015-03-08,59,553,2.89,8,3,2015,6,1,62.0,123.0,40.0,56.766666666666666
2015-03-09,28,525,2.89,9,3,2015,0,0,59.0,44.0,37.714285714285715,51.56666666666667
2015-03-10,68,458,1.49,10,3,2015,1,0,28.0,22.0,44.285714285714285,50.266666666666666
2015-03-11,73,385,1.49,11,3,2015,2,0,68.0,31.0,50.285714285714285,50.36666666666667
2015-03-12,87,298,1.49,12,3,2015,3,0,73.0,22.0,59.57142857142857,51.06666666666667
2015-03-13,175,1878,1.29,13,3,2015,4,0,87.0,40.0,78.85714285714286,53.93333333333333
2015-03-14,300,1575,1.29,14,3,2015,5,1,175.0,62.0,112.85714285714286,62.266666666666666
2015-03-15,196,1379,1.29,15,3,2015,6,1,300.0,59.0,132.42857142857142,68.13333333333334
2015-03-16,123,1256,1.29,16,3,2015,0,0,196.0,28.0,146.0,69.66666666666667
2015-03-17,168,1088,1.29,17,3,2015,1,0,123.0,68.0,160.28571428571428,74.16666666666667
2015-03-18,209,1263,1.29,18,3,2015,2,0,168.0,73.0,179.71428571428572,79.56666666666666
2015-03-19,188,1075,1.29,19,3,2015,3,0,209.0,87.0,194.14285714285714,84.66666666666667
2015-03-20,219,856,1.29,20,3,2015,4,0,188.0,175.0,200.42857142857142,89.96666666666667
2015-03-21,381,475,1.29,21,3,2015,5,1,219.0,300.0,212.0,101.63333333333334
2015-03-22,158,317,1.29,22,3,2015,6,1,381.0,196.0,206.57142857142858,105.73333333333333
2015-03-23,12,304,1.49,23,3,2015,0,0,158.0,123.0,190.71428571428572,103.46666666666667
2015-03-24,8,296,1.29,24,3,2015,1,0,12.0,168.0,167.85714285714286,102.33333333333333
2015-03-25,10,286,1.29,25,3,2015,2,0,8.0,209.0,139.42857142857142,101.9
2015-03-26,88,774,1.29,26,3,2015,3,0,10.0,188.0,125.14285714285714,104.2
2015-03-27,196,770,1.29,27,3,2015,4,0,88.0,219.0,121.85714285714286,110.13333333333334
2015-03-28,206,660,1.29,28,3,2015,5,1,196.0,381.0,96.85714285714286,115.76666666666667
2015-03-29,83,577,1.29,29,3,2015,6,1,206.0,158.0,86.14285714285714,116.86666666666666
2015-03-30,0,673,1.49,30,3,2015,0,0,83.0,12.0,84.42857142857143,112.63333333333334
2015-03-31,0,673,1.49,31,3,2015,1,0,0.0,8.0,83.28571428571429,108.53333333333333
2015-04-01,27,646,1.49,1,4,2015,2,0,0.0,10.0,85.71428571428571,107.96666666666667
2015-04-02,27,1002,1.49,2,4,2015,3,0,27.0,88.0,77.0,108.13333333333334
2015-04-03,54,1044,1.49,3,4,2015,4,0,27.0,196.0,56.714285714285715,108.9
2015-04-04,136,908,1.49,4,4,2015,5,1,54.0,206.0,46.714285714285715,112.7
2015-04-05,55,853,1.49,5,4,2015,6,1,136.0,83.0,42.714285714285715,113.2
2015-04-06,22,831,1.49,6,4,2015,0,0,55.0,0.0,45.857142857142854,111.86666666666666
2015-04-07,30,801,1.49,7,4,2015,1,0,22.0,0.0,50.142857142857146,110.9
2015-04-08,30,771,1.49,8,4,2015,2,0,30.0,27.0,50.57142857142857,110.96666666666667
2015-04-09,30,930,1.49,9,4,2015,3,0,30.0,27.0,51.0,109.7
2015-04-10,44,1078,1.49,10,4,2015,4,0,30.0,54.0,49.57142857142857,108.73333333333333
2015-04-11,39,1423,1.49,11,4,2015,5,1,44.0,136.0,35.714285714285715,107.13333333333334
2015-04-12,57,1366,1.49,12,4,2015,6,1,39.0,55.0,36.0,103.2
2015-04-13,30,1336,1.49,13,4,2015,0,0,57.0,22.0,37.142857142857146,94.2
2015-04-14,47,1385,1.49,14,4,2015,1,0,30.0,30.0,39.57142857142857,89.23333333333333
2015-04-15,74,1311,1.49,15,4,2015,2,0,47.0,30.0,45.857142857142854,87.6
2015-04-16,114,1196,1.39,16,4,2015,3,0,74.0,30.0,57.857142857142854,85.8
2015-04-17,40,1156,1.39,17,4,2015,4,0,114.0,44.0,57.285714285714285,80.16666666666667
2015-04-18,62,1094,1.39,18,4,2015,5,1,40.0,39.0,60.57142857142857,75.96666666666667
2015-04-19,62,1032,1.39,19,4,2015,6,1,62.0,57.0,61.285714285714285,70.73333333333333
2015-04-20,135,897,1.39,20,4,2015,0,0,62.0,30.0,76.28571428571429,62.53333333333333
2015-04-21,175,722,1.39,21,4,2015,1,0,135.0,47.0,94.57142857142857,63.1
2015-04-22,82,736,1.39,22,4,2015,2,0,175.0,74.0,95.71428571428571,65.43333333333334
2015-04-23,62,674,1.4,23,4,2015,3,0,82.0,114.0,88.28571428571429,67.23333333333333
2015-04-24,88,586,1.4,24,4,2015,4,0,62.0,40.0,95.14285714285714,69.83333333333333
2015-04-25,152,434,1.4,25,4,2015,5,1,88.0,62.0,108.0,71.96666666666667
2015-04-26,64,370,1.4,26,4,2015,6,1,152.0,62.0,108.28571428571429,67.56666666666666
2015-04-27,67,591,1.4,27,4,2015,0,0,64.0,135.0,98.57142857142857,62.93333333333333
2015-04-28,73,806,1.39,28,4,2015,1,0,67.0,175.0,84.0,62.6
2015-04-29,130,676,1.39,29,4,2015,2,0,73.0,82.0,90.85714285714286,66.93333333333334
2015-04-30,115,657,1.39,30,4,2015,3,0,130.0,62.0,98.42857142857143,70.76666666666667
2015-05-01,260,397,1.39,1,5,2015,4,0,115.0,88.0,123.0,78.53333333333333
2015-05-02,228,169,1.39,2,5,2015,5,1,260.0,152.0,133.85714285714286,85.23333333333333
2015-05-03,120,49,1.39,3,5,2015,6,1,228.0,64.0,141.85714285714286,87.43333333333334
2015-05-04,31,18,1.39,4,5,2015,0,0,120.0,67.0,136.71428571428572,83.93333333333334
2015-05-05,0,18,1.39,5,5,2015,1,0,31.0,73.0,126.28571428571429,82.1
2015-05-06,3,15,1.39,6,5,2015,2,0,0.0,130.0,108.14285714285714,81.46666666666667
2015-05-07,0,15,1.39,7,5,2015,3,0,3.0,115.0,91.71428571428571,80.46666666666667
2015-05-08,0,15,1.39,8,5,2015,4,0,0.0,260.0,54.57142857142857,79.46666666666667
2015-05-09,0,15,0.0,9,5,2015,5,1,0.0,228.0,22.0,78.46666666666667
2015-05-10,0,15,1.49,10,5,2015,6,1,0.0,120.0,4.857142857142857,77.0
2015-05-11,1,14,1.49,11,5,2015,0,0,0.0,31.0,0.5714285714285714,75.73333333333333
2015-05-12,0,14,1.49,12,5,2015,1,0,1.0,0.0,0.5714285714285714,73.83333333333333
2015-05-13,1,13,1.49,13,5,2015,2,0,0.0,3.0,0.2857142857142857,72.86666666666666
2015-05-14,1,12,1.49,14,5,2015,3,0,1.0,0.0,0.42857142857142855,71.33333333333333
2015-05-15,1,10,1.49,15,5,2015,4,0,1.0,0.0,0.5714285714285714,68.9
2015-05-16,0,10,1.49,16,5,2015,5,1,1.0,0.0,0.5714285714285714,65.1
2015-05-17,0,10,1.49,17,5,2015,6,1,0.0,0.0,0.5714285714285714,63.766666666666666
2015-05-18,0,10,1.49,18,5,2015,0,0,0.0,1.0,0.42857142857142855,61.7
2015-05-19,1,9,1.49,19,5,2015,1,0,0.0,0.0,0.5714285714285714,59.666666666666664
2015-05-20,0,9,1.49,20,5,2015,2,0,1.0,1.0,0.42857142857142855,55.166666666666664
2015-05-21,0,9,1.49,21,5,2015,3,0,0.0,1.0,0.2857142857142857,49.333333333333336
2015-05-22,0,9,1.49,22,5,2015,4,0,0.0,1.0,0.14285714285714285,46.6
2015-05-23,0,9,1.49,23,5,2015,5,1,0.0,0.0,0.14285714285714285,44.53333333333333
2015-05-24,0,9,1.49,24,5,2015,6,1,0.0,0.0,0.14285714285714285,41.6
2015-05-25,0,9,1.39,25,5,2015,0,0,0.0,0.0,0.14285714285714285,36.53333333333333
2015-05-26,0,9,1.39,26,5,2015,1,0,0.0,1.0,0.0,34.4
2015-05-27,0,9,1.39,27,5,2015,2,0,0.0,0.0,0.0,32.166666666666664
2015-05-28,0,9,1.39,28,5,2015,3,0,0.0,0.0,0.0,29.733333333333334
2015-05-29,0,9,1.39,29,5,2015,4,0,0.0,0.0,0.0,25.4
2015-05-30,0,9,1.39,30,5,2015,5,1,0.0,0.0,0.0,21.566666666666666
2015-05-31,0,9,1.39,31,5,2015,6,1,0.0,0.0,0.0,12.9
2015-06-01,0,105,1.39,1,6,2015,0,0,0.0,0.0,0.0,5.3
2015-06-02,0,105,1.39,2,6,2015,1,0,0.0,0.0,0.0,1.3
2015-06-03,0,105,1.39,3,6,2015,2,0,0.0,0.0,0.0,0.26666666666666666
2015-06-04,0,105,1.39,4,6,2015,3,0,0.0,0.0,0.0,0.26666666666666666
2015-06-05,168,1377,1.39,5,6,2015,4,0,0.0,0.0,24.0,5.766666666666667
2015-06-06,201,1176,1.2,6,6,2015,5,1,168.0,0.0,52.714285714285715,12.466666666666667
2015-06-07,147,1029,1.19,7,6,2015,6,1,201.0,0.0,73.71428571428571,17.366666666666667
2015-06-08,119,910,1.19,8,6,2015,0,0,147.0,0.0,90.71428571428571,21.333333333333332
2015-06-09,122,788,1.19,9,6,2015,1,0,119.0,0.0,108.14285714285714,25.4
2015-06-10,149,639,1.19,10,6,2015,2,0,122.0,0.0,129.42857142857142,30.333333333333332
2015-06-11,111,720,1.19,11,6,2015,3,0,149.0,0.0,145.28571428571428,34.03333333333333
2015-06-12,95,721,1.19,12,6,2015,4,0,111.0,168.0,134.85714285714286,37.166666666666664
2015-06-13,237,675,1.19,13,6,2015,5,1,95.0,201.0,140.0,45.03333333333333
2015-06-14,110,565,1.19,14,6,2015,6,1,237.0,147.0,134.71428571428572,48.666666666666664
2015-06-15,104,653,1.19,15,6,2015,0,0,110.0,119.0,132.57142857142858,52.13333333333333
2015-06-16,61,592,1.19,16,6,2015,1,0,104.0,122.0,123.85714285714286,54.166666666666664
2015-06-17,40,1127,1.29,17,6,2015,2,0,61.0,149.0,108.28571428571429,55.5
2015-06-18,114,1301,1.29,18,6,2015,3,0,40.0,111.0,108.71428571428571,59.266666666666666
2015-06-19,129,1172,1.29,19,6,2015,4,0,114.0,95.0,113.57142857142857,63.56666666666667
2015-06-20,111,1061,1.29,20,6,2015,5,1,129.0,237.0,95.57142857142857,67.26666666666667
2015-06-21,146,915,1.29,21,6,2015,6,1,111.0,110.0,100.71428571428571,72.13333333333334
2015-06-22,57,858,1.49,22,6,2015,0,0,146.0,104.0,94.0,74.03333333333333
2015-06-23,19,839,1.49,23,6,2015,1,0,57.0,61.0,88.0,74.66666666666667
2015-06-24,27,1291,1.49,24,6,2015,2,0,19.0,40.0,86.14285714285714,75.56666666666666
2015-06-25,62,1229,1.49,25,6,2015,3,0,27.0,114.0,78.71428571428571,77.63333333333334
2015-06-26,95,1902,1.49,26,6,2015,4,0,62.0,129.0,73.85714285714286,80.8
2015-06-27,183,1719,1.39,27,6,2015,5,1,95.0,111.0,84.14285714285714,86.9
2015-06-28,94,1624,1.39,28,6,2015,6,1,183.0,146.0,76.71428571428571,90.03333333333333
2015-06-29,116,1606,1.39,29,6,2015,0,0,94.0,57.0,85.14285714285714,93.9
2015-06-30,63,1543,1.39,30,6,2015,1,0,116.0,19.0,91.42857142857143,96.0
2015-07-01,147,1396,1.39,1,7,2015,2,0,63.0,27.0,108.57142857142857,100.9
2015-07-02,101,1295,1.39,2,7,2015,3,0,147.0,62.0,114.14285714285714,104.26666666666667
2015-07-03,248,1047,1.29,3,7,2015,4,0,101.0,95.0,136.0,112.53333333333333
2015-07-04,142,905,1.29,4,7,2015,5,1,248.0,183.0,130.14285714285714,117.26666666666667
2015-07-05,186,719,1.29,5,7,2015,6,1,142.0,94.0,143.28571428571428,117.86666666666666
2015-07-06,109,898,1.29,6,7,2015,0,0,186.0,116.0,142.28571428571428,114.8
2015-07-07,228,957,1.29,7,7,2015,1,0,109.0,63.0,165.85714285714286,117.5
2015-07-08,66,1083,1.29,8,7,2015,2,0,228.0,147.0,154.28571428571428,115.73333333333333
2015-07-09,182,901,1.29,9,7,2015,3,0,66.0,101.0,165.85714285714286,117.73333333333333
2015-07-10,1,996,1.29,10,7,2015,4,0,182.0,248.0,130.57142857142858,112.8
2015-07-11,64,1124,1.29,11,7,2015,5,1,1.0,142.0,119.42857142857143,111.23333333333333
2015-07-12,118,1006,1.29,12,7,2015,6,1,64.0,186.0,109.71428571428571,112.0
2015-07-13,55,950,1.29,13,7,2015,0,0,118.0,109.0,102.0,105.93333333333334
2015-07-14,43,907,1.27,14,7,2015,1,0,55.0,228.0,75.57142857142857,103.7
2015-07-15,95,812,1.28,15,7,2015,2,0,43.0,66.0,79.71428571428571,103.4
2015-07-16,54,758,1.28,16,7,2015,3,0,95.0,182.0,61.42857142857143,103.16666666666667
2015-07-17,85,673,1.28,17,7,2015,4,0,54.0,1.0,73.42857142857143,104.66666666666667
2015-07-18,92,869,1.27,18,7,2015,5,1,85.0,64.0,77.42857142857143,103.93333333333334
2015-07-19,61,808,1.28,19,7,2015,6,1,92.0,118.0,69.28571428571429,101.66666666666667
2015-07-20,111,697,1.27,20,7,2015,0,0,61.0,55.0,77.28571428571429,101.66666666666667
2015-07-21,7,1170,1.28,21,7,2015,1,0,111.0,43.0,72.14285714285714,97.03333333333333
2015-07-22,4,1262,1.28,22,7,2015,2,0,7.0,95.0,59.142857142857146,95.26666666666667
2015-07-23,66,1292,1.27,23,7,2015,3,0,4.0,54.0,60.857142857142854,96.83333333333333
2015-07-24,95,1197,1.28,24,7,2015,4,0,66.0,85.0,62.285714285714285,99.1
2015-07-25,190,1103,1.27,25,7,2015,5,1,95.0,92.0,76.28571428571429,103.36666666666666
2015-07-26,60,1043,1.28,26,7,2015,6,1,190.0,61.0,76.14285714285714,102.2
2015-07-27,42,1097,1.27,27,7,2015,0,0,60.0,111.0,66.28571428571429,97.5
2015-07-28,79,1306,1.27,28,7,2015,1,0,42.0,7.0,76.57142857142857,97.0
2015-07-29,109,1581,1.27,29,7,2015,2,0,79.0,4.0,91.57142857142857,96.76666666666667
2015-07-30,165,1416,1.28,30,7,2015,3,0,109.0,66.0,105.71428571428571,100.16666666666667
2015-07-31,99,1317,1.27,31,7,2015,4,0,165.0,95.0,106.28571428571429,98.56666666666666
2015-08-01,233,1084,1.48,1,8,2015,5,1,99.0,190.0,112.42857142857143,102.96666666666667
2015-08-02,16,1067,1.48,2,8,2015,6,1,233.0,60.0,106.14285714285714,95.23333333333333
2015-08-03,2,1065,1.46,3,8,2015,0,0,16.0,42.0,100.42857142857143,90.56666666666666
2015-08-04,5,1060,1.47,4,8,2015,1,0,2.0,79.0,89.85714285714286,84.53333333333333
2015-08-05,22,1038,1.48,5,8,2015,2,0,5.0,109.0,77.42857142857143,81.63333333333334
2015-08-06,8,1030,1.49,6,8,2015,3,0,22.0,165.0,55.0,74.3
2015-08-07,65,321,1.48,7,8,2015,4,0,8.0,99.0,50.142857142857146,74.26666666666667
2015-08-08,157,451,1.48,8,8,2015,5,1,65.0,233.0,39.285714285714285,73.43333333333334
2015-08-09,65,386,1.48,9,8,2015,6,1,157.0,16.0,46.285714285714285,75.56666666666666
2015-08-10,90,296,1.48,10,8,2015,0,0,65.0,2.0,58.857142857142854,76.43333333333334
2015-08-11,3,1157,1.18,11,8,2015,1,0,90.0,5.0,58.57142857142857,72.6
2015-08-12,5,1152,1.18,12,8,2015,2,0,3.0,22.0,56.142857142857146,70.93333333333334
2015-08-13,1,2015,1.19,13,8,2015,3,0,5.0,8.0,55.142857142857146,69.53333333333333
2015-08-14,65,2046,1.18,14,8,2015,4,0,1.0,65.0,55.142857142857146,68.53333333333333
2015-08-15,235,1811,1.17,15,8,2015,5,1,65.0,157.0,66.28571428571429,74.56666666666666
2015-08-16,76,1735,1.18,16,8,2015,6,1,235.0,65.0,67.85714285714286,74.26666666666667
2015-08-17,2,1733,1.19,17,8,2015,0,0,76.0,90.0,55.285714285714285,71.26666666666667
2015-08-18,101,1632,1.18,18,8,2015,1,0,2.0,3.0,69.28571428571429,72.6
2015-08-19,162,1470,1.17,19,8,2015,2,0,101.0,5.0,91.71428571428571,74.3
2015-08-20,25,1446,1.17,20,8,2015,3,0,162.0,1.0,95.14285714285714,74.9
2015-08-21,4,1442,1.16,21,8,2015,4,0,25.0,65.0,86.42857142857143,74.9
2015-08-22,1,1441,1.19,22,8,2015,5,1,4.0,235.0,53.0,72.73333333333333
2015-08-23,75,1366,1.17,23,8,2015,6,1,1.0,76.0,52.857142857142854,72.06666666666666
2015-08-24,32,1334,1.18,24,8,2015,0,0,75.0,2.0,57.142857142857146,66.8
2015-08-25,76,1258,1.18,25,8,2015,1,0,32.0,101.0,53.57142857142857,67.33333333333333
2015-08-26,6,1252,1.17,26,8,2015,2,0,76.0,162.0,31.285714285714285,66.13333333333334
2015-08-27,65,1285,1.18,27,8,2015,3,0,6.0,25.0,37.0,65.66666666666667
2015-08-28,145,1140,1.17,28,8,2015,4,0,65.0,4.0,57.142857142857146,66.86666666666666
2015-08-29,78,1062,1.17,29,8,2015,5,1,145.0,1.0,68.14285714285714,63.96666666666667
2015-08-30,6,1055,1.18,30,8,2015,6,1,78.0,75.0,58.285714285714285,60.86666666666667
2015-08-31,0,1151,1.19,31,8,2015,0,0,6.0,32.0,53.714285714285715,53.1
2015-09-01,126,1217,1.18,1,9,2015,1,0,0.0,76.0,60.857142857142854,56.766666666666666
2015-09-02,240,1073,1.17,2,9,2015,2,0,126.0,6.0,94.28571428571429,64.7
2015-09-03,67,1006,1.68,3,9,2015,3,0,240.0,65.0,94.57142857142857,66.76666666666667
2015-09-04,140,863,1.68,4,9,2015,4,0,67.0,145.0,93.85714285714286,70.7
2015-09-05,208,655,1.68,5,9,2015,5,1,140.0,78.0,112.42857142857143,77.36666666666666
2015-09-06,76,579,1.68,6,9,2015,6,1,208.0,6.0,122.42857142857143,77.73333333333333
2015-09-07,240,339,1.68,7,9,2015,0,0,76.0,0.0,156.71428571428572,80.5
2015-09-08,52,575,1.01,8,9,2015,1,0,240.0,126.0,146.14285714285714,80.06666666666666
2015-09-09,111,464,0.94,9,9,2015,2,0,52.0,240.0,127.71428571428571,80.76666666666667
2015-09-10,176,288,0.97,10,9,2015,3,0,111.0,67.0,143.28571428571428,86.53333333333333
2015-09-11,84,300,1.01,11,9,2015,4,0,176.0,140.0,135.28571428571428,89.16666666666667
2015-09-12,171,129,1.0,12,9,2015,5,1,84.0,208.0,130.0,94.83333333333333
2015-09-13,102,27,0.99,13,9,2015,6,1,171.0,76.0,133.71428571428572,96.06666666666666
2015-09-14,69,0,0.97,14,9,2015,0,0,102.0,240.0,109.28571428571429,90.53333333333333
2015-09-15,77,0,0.93,15,9,2015,1,0,69.0,52.0,112.85714285714286,90.56666666666666
2015-09-16,174,0,0.97,16,9,2015,2,0,77.0,111.0,121.85714285714286,96.3
2015-09-17,69,0,1.68,17,9,2015,3,0,174.0,176.0,106.57142857142857,95.23333333333333
2015-09-18,52,930,1.68,18,9,2015,4,0,69.0,84.0,102.0,91.56666666666666
2015-09-19,42,1080,1.68,19,9,2015,5,1,52.0,171.0,83.57142857142857,92.13333333333334
2015-09-20,1,1079,1.69,20,9,2015,6,1,42.0,102.0,69.14285714285714,92.03333333333333
2015-09-21,62,1016,1.68,21,9,2015,0,0,1.0,69.0,68.14285714285714,94.06666666666666
2015-09-22,88,928,1.68,22,9,2015,1,0,62.0,77.0,69.71428571428571,94.5
2015-09-23,60,1348,1.68,23,9,2015,2,0,88.0,174.0,53.42857142857143,95.43333333333334
2015-09-24,2,1442,1.66,24,9,2015,3,0,60.0,69.0,43.857142857142854,92.96666666666667
2015-09-25,3,1631,1.69,25,9,2015,4,0,2.0,52.0,36.857142857142854,92.86666666666666
2015-09-26,9,1622,1.76,26,9,2015,5,1,3.0,42.0,32.142857142857146,91.0
2015-09-27,142,1480,1.78,27,9,2015,6,1,9.0,1.0,52.285714285714285,90.9
2015-09-28,90,1580,1.78,28,9,2015,0,0,142.0,62.0,56.285714285714285,91.3
2015-09-29,20,1560,1.78,29,9,2015,1,0,90.0,88.0,46.57142857142857,91.76666666666667
2015-09-30,37,1523,1.78,30,9,2015,2,0,20.0,60.0,43.285714285714285,93.0
2015-10-01,86,1437,1.78,1,10,2015,3,0,37.0,2.0,55.285714285714285,91.66666666666667
2015-10-02,166,1367,1.78,2,10,2015,4,0,86.0,3.0,78.57142857142857,89.2
2015-10-03,391,976,1.48,3,10,2015,5,1,166.0,9.0,133.14285714285714,100.0
2015-10-04,56,919,1.47,4,10,2015,6,1,391.0,142.0,120.85714285714286,97.2
2015-10-05,64,951,1.47,5,10,2015,0,0,56.0,90.0,117.14285714285714,92.4
2015-10-06,35,916,1.48,6,10,2015,1,0,64.0,20.0,119.28571428571429,91.03333333333333
2015-10-07,40,875,1.47,7,10,2015,2,0,35.0,37.0,119.71428571428571,84.36666666666666
2015-10-08,21,1526,1.48,8,10,2015,3,0,40.0,86.0,110.42857142857143,83.33333333333333
2015-10-09,42,1484,1.48,9,10,2015,4,0,21.0,166.0,92.71428571428571,81.03333333333333
2015-10-10,95,1389,1.48,10,10,2015,5,1,42.0,391.0,50.42857142857143,78.33333333333333
2015-10-11,85,1304,1.48,11,10,2015,6,1,95.0,56.0,54.57142857142857,78.36666666666666
2015-10-12,140,1356,1.47,12,10,2015,0,0,85.0,64.0,65.42857142857143,77.33333333333333
2015-10-13,80,1276,1.48,13,10,2015,1,0,140.0,35.0,71.85714285714286,76.6
2015-10-14,91,1185,1.48,14,10,2015,2,0,80.0,40.0,79.14285714285714,77.33333333333333
2015-10-15,65,1120,1.48,15,10,2015,3,0,91.0,21.0,85.42857142857143,76.93333333333334
2015-10-16,166,1146,1.48,16,10,2015,4,0,65.0,42.0,103.14285714285714,76.66666666666667
2015-10-17,137,1297,1.48,17,10,2015,5,1,166.0,95.0,109.14285714285714,78.93333333333334
2015-10-18,174,1123,1.48,18,10,2015,6,1,137.0,85.0,121.85714285714286,83.0
2015-10-19,120,1291,1.48,19,10,2015,0,0,174.0,140.0,119.0,85.6
2015-10-20,93,1198,1.78,20,10,2015,1,0,120.0,80.0,120.85714285714286,88.66666666666667
2015-10-21,100,1096,1.78,21,10,2015,2,0,93.0,91.0,122.14285714285714,89.93333333333334
2015-10-22,137,1055,1.27,22,10,2015,3,0,100.0,65.0,132.42857142857142,91.56666666666666
2015-10-23,241,1006,1.27,23,10,2015,4,0,137.0,166.0,143.14285714285714,97.6
2015-10-24,113,893,1.27,24,10,2015,5,1,241.0,137.0,139.71428571428572,101.3
2015-10-25,257,636,1.28,25,10,2015,6,1,113.0,174.0,151.57142857142858,109.76666666666667
2015-10-26,166,474,1.28,26,10,2015,0,0,257.0,120.0,158.14285714285714,115.0
2015-10-27,162,312,1.28,27,10,2015,1,0,166.0,93.0,168.0,115.66666666666667
2015-10-28,247,1121,1.28,28,10,2015,2,0,162.0,100.0,189.0,120.9
2015-10-29,70,1435,1.78,29,10,2015,3,0,247.0,137.0,179.42857142857142,122.56666666666666
2015-10-30,139,1296,1.35,30,10,2015,4,0,70.0,241.0,164.85714285714286,125.96666666666667
2015-10-31,195,1293,1.34,31,10,2015,5,1,139.0,113.0,176.57142857142858,129.6
2015-11-01,206,1087,1.34,1,11,2015,6,1,195.0,257.0,169.28571428571428,130.93333333333334
2015-11-02,268,819,1.35,2,11,2015,0,0,206.0,166.0,183.85714285714286,126.83333333333333
2015-11-03,59,760,1.35,3,11,2015,1,0,268.0,162.0,169.14285714285714,126.93333333333334
2015-11-04,99,1237,1.34,4,11,2015,2,0,59.0,247.0,148.0,128.1
2015-11-05,63,1366,1.75,5,11,2015,3,0,99.0,70.0,147.0,129.03333333333333
2015-11-06,77,1577,1.76,6,11,2015,4,0,63.0,139.0,138.14285714285714,130.26666666666668
2015-11-07,232,1345,2.18,7,11,2015,5,1,77.0,195.0,143.42857142857142,137.3
2015-11-08,157,1188,2.18,8,11,2015,6,1,232.0,206.0,136.42857142857142,141.13333333333333
2015-11-09,107,1081,2.19,9,11,2015,0,0,157.0,268.0,113.42857142857143,141.53333333333333
2015-11-10,57,1023,2.18,10,11,2015,1,0,107.0,59.0,113.14285714285714,140.6
2015-11-11,95,930,2.18,11,11,2015,2,0,57.0,99.0,112.57142857142857,139.1
2015-11-12,86,844,2.19,12,11,2015,3,0,95.0,63.0,115.85714285714286,139.3
2015-11-13,102,742,2.19,13,11,2015,4,0,86.0,77.0,119.42857142857143,139.66666666666666
2015-11-14,184,846,1.79,14,11,2015,5,1,102.0,232.0,112.57142857142857,143.63333333333333
2015-11-15,138,708,1.79,15,11,2015,6,1,184.0,157.0,109.85714285714286,142.7
2015-11-16,106,698,2.19,16,11,2015,0,0,138.0,107.0,109.71428571428571,141.66666666666666
2015-11-17,89,609,2.19,17,11,2015,1,0,106.0,57.0,114.28571428571429,138.83333333333334
2015-11-18,107,502,2.19,18,11,2015,2,0,89.0,95.0,116.0,138.4
2015-11-19,78,424,2.19,19,11,2015,3,0,107.0,86.0,114.85714285714286,137.9
2015-11-20,185,238,2.19,20,11,2015,4,0,78.0,102.0,126.71428571428571,140.73333333333332
2015-11-21,151,87,2.19,21,11,2015,5,1,185.0,184.0,122.0,141.2
2015-11-22,97,0,2.19,22,11,2015,6,1,151.0,138.0,116.14285714285714,136.4
2015-11-23,76,0,2.19,23,11,2015,0,0,97.0,106.0,111.85714285714286,135.16666666666666
2015-11-24,140,0,2.19,24,11,2015,1,0,76.0,89.0,119.14285714285714,131.26666666666668
2015-11-25,137,0,2.67,25,11,2015,2,0,140.0,107.0,123.42857142857143,130.3
2015-11-26,84,0,2.69,26,11,2015,3,0,137.0,78.0,124.28571428571429,127.7
2015-11-27,0,0,2.69,27,11,2015,4,0,84.0,185.0,97.85714285714286,119.46666666666667
2015-11-28,7,0,2.69,28,11,2015,5,1,0.0,151.0,77.28571428571429,117.36666666666666
2015-11-29,5,0,2.69,29,11,2015,6,1,7.0,97.0,64.14285714285714,112.9
2015-11-30,22,0,2.69,30,11,2015,0,0,5.0,76.0,56.42857142857143,107.13333333333334
2015-12-01,36,0,2.29,1,12,2015,1,0,22.0,140.0,41.57142857142857,101.46666666666667
2015-12-02,36,1655,2.29,2,12,2015,2,0,36.0,137.0,27.142857142857142,93.73333333333333
2015-12-03,38,2001,2.29,3,12,2015,3,0,36.0,84.0,20.571428571428573,93.03333333333333
2015-12-04,95,1905,2.29,4,12,2015,4,0,38.0,0.0,34.142857142857146,92.9
2015-12-05,108,1893,2.25,5,12,2015,5,1,95.0,7.0,48.57142857142857,94.4
2015-12-06,70,1823,2.29,6,12,2015,6,1,108.0,5.0,57.857142857142854,94.16666666666667
2015-12-07,78,1745,2.29,7,12,2015,0,0,70.0,22.0,65.85714285714286,89.03333333333333
2015-12-08,77,1668,2.29,8,12,2015,1,0,78.0,36.0,71.71428571428571,86.36666666666666
2015-12-09,76,1880,2.29,9,12,2015,2,0,77.0,36.0,77.42857142857143,85.33333333333333
2015-12-10,59,1821,2.29,10,12,2015,3,0,76.0,38.0,80.42857142857143,85.4
2015-12-11,42,1779,2.29,11,12,2015,4,0,59.0,95.0,72.85714285714286,83.63333333333334
2015-12-12,142,1637,2.29,12,12,2015,5,1,42.0,108.0,77.71428571428571,85.5
2015-12-13,116,1521,2.29,13,12,2015,6,1,142.0,70.0,84.28571428571429,85.96666666666667
2015-12-14,57,1848,2.29,14,12,2015,0,0,116.0,78.0,81.28571428571429,81.73333333333333
2015-12-15,167,1681,2.29,15,12,2015,1,0,57.0,77.0,94.14285714285714,82.7
2015-12-16,154,1527,2.29,16,12,2015,2,0,167.0,76.0,105.28571428571429,84.3
2015-12-17,139,1964,1.39,17,12,2015,3,0,154.0,59.0,116.71428571428571,85.96666666666667
2015-12-18,192,1772,1.39,18,12,2015,4,0,139.0,42.0,138.14285714285714,88.8
2015-12-19,295,2533,1.39,19,12,2015,5,1,192.0,142.0,160.0,96.03333333333333
2015-12-20,311,2222,1.39,20,12,2015,6,1,295.0,116.0,187.85714285714286,100.23333333333333
2015-12-21,251,1971,1.39,21,12,2015,0,0,311.0,57.0,215.57142857142858,103.56666666666666
2015-12-22,377,1594,1.39,22,12,2015,1,0,251.0,167.0,245.57142857142858,112.9
2015-12-23,410,1184,1.39,23,12,2015,2,0,377.0,154.0,282.14285714285717,124.03333333333333
2015-12-24,161,1023,1.39,24,12,2015,3,0,410.0,139.0,285.2857142857143,124.73333333333333
2015-12-25,0,1023,1.39,25,12,2015,4,0,161.0,192.0,257.85714285714283,120.16666666666667
2015-12-26,212,811,1.39,26,12,2015,5,1,0.0,295.0,246.0,124.43333333333334
2015-12-27,106,705,1.39,27,12,2015,6,1,212.0,311.0,216.71428571428572,127.96666666666667
2015-12-28,100,604,1.39,28,12,2015,0,0,106.0,251.0,195.14285714285714,131.06666666666666
2015-12-29,9,595,1.39,29,12,2015,1,0,100.0,377.0,142.57142857142858,131.2
2015-12-30,0,595,1.39,30,12,2015,2,0,9.0,410.0,84.0,130.46666666666667
2015-12-31,0,595,1.39,31,12,2015,3,0,0.0,161.0,61.0,129.26666666666668
2016-01-01,0,595,1.39,1,1,2016,4,0,0.0,0.0,61.0,128.06666666666666
2016-01-02,3,592,1.39,2,1,2016,5,1,0.0,212.0,31.142857142857142,126.9
2016-01-03,0,592,2.29,3,1,2016,6,1,3.0,106.0,16.0,123.73333333333333
2016-01-04,0,592,1.46,4,1,2016,0,0,0.0,100.0,1.7142857142857142,120.13333333333334
2016-01-05,3,589,1.46,5,1,2016,1,0,0.0,9.0,0.8571428571428571,117.9
2016-01-06,3,586,1.46,6,1,2016,2,0,3.0,0.0,1.2857142857142858,115.4
2016-01-07,0,586,1.46,7,1,2016,3,0,3.0,0.0,1.2857142857142858,112.83333333333333
2016-01-08,2,584,1.46,8,1,2016,4,0,0.0,0.0,1.5714285714285714,110.36666666666666
2016-01-09,0,584,0.0,9,1,2016,5,1,2.0,3.0,1.1428571428571428,108.4
2016-01-10,3,581,1.46,10,1,2016,6,1,0.0,0.0,1.5714285714285714,107.1
2016-01-11,0,581,1.46,11,1,2016,0,0,3.0,0.0,1.5714285714285714,102.36666666666666
2016-01-12,103,478,1.46,12,1,2016,1,0,0.0,3.0,15.857142857142858,101.93333333333334
2016-01-13,164,314,1.46,13,1,2016,2,0,103.0,3.0,38.857142857142854,105.5
2016-01-14,118,196,1.46,14,1,2016,3,0,164.0,0.0,55.714285714285715,103.86666666666666
2016-01-15,65,131,1.46,15,1,2016,4,0,118.0,2.0,64.71428571428571,100.9
2016-01-16,24,107,1.46,16,1,2016,5,1,65.0,0.0,68.14285714285714,97.06666666666666
2016-01-17,0,107,0.0,17,1,2016,6,1,24.0,3.0,67.71428571428571,90.66666666666667
2016-01-18,1,106,1.46,18,1,2016,0,0,0.0,0.0,67.85714285714286,80.86666666666666
2016-01-19,0,106,1.46,19,1,2016,1,0,1.0,103.0,53.142857142857146,70.5
2016-01-20,1,105,1.46,20,1,2016,2,0,0.0,164.0,29.857142857142858,62.166666666666664
2016-01-21,60,3213,1.46,21,1,2016,3,0,1.0,118.0,21.571428571428573,51.6
2016-01-22,103,3110,1.35,22,1,2016,4,0,60.0,65.0,27.0,41.36666666666667
2016-01-23,263,2847,1.39,23,1,2016,5,1,103.0,24.0,61.142857142857146,44.766666666666666
2016-01-24,189,2658,1.39,24,1,2016,6,1,263.0,0.0,88.14285714285714,51.06666666666667
2016-01-25,197,2461,1.39,25,1,2016,0,0,189.0,1.0,116.14285714285714,50.56666666666667
2016-01-26,105,2356,1.46,26,1,2016,1,0,197.0,0.0,131.14285714285714,50.53333333333333
2016-01-27,129,2227,1.46,27,1,2016,2,0,105.0,1.0,149.42857142857142,51.5
2016-01-28,144,2083,1.46,28,1,2016,3,0,129.0,60.0,161.42857142857142,56.0
2016-01-29,173,1910,1.79,29,1,2016,4,0,144.0,103.0,171.42857142857142,61.766666666666666
2016-01-30,293,1617,1.79,30,1,2016,5,1,173.0,263.0,175.71428571428572,71.53333333333333
2016-01-31,219,1398,1.79,31,1,2016,6,1,293.0,189.0,180.0,78.83333333333333
2016-02-01,131,1267,1.79,1,2,2016,0,0,219.0,197.0,170.57142857142858,83.1
2016-02-02,184,1083,1.79,2,2,2016,1,0,131.0,105.0,181.85714285714286,89.23333333333333
2016-02-03,266,817,1.79,3,2,2016,2,0,184.0,129.0,201.42857142857142,98.1
2016-02-04,98,815,2.18,4,2,2016,3,0,266.0,144.0,194.85714285714286,101.26666666666667
2016-02-05,67,1420,2.29,5,2,2016,4,0,98.0,173.0,179.71428571428572,103.4
2016-02-06,85,1335,2.29,6,2,2016,5,1,67.0,293.0,150.0,106.23333333333333
2016-02-07,78,1257,2.29,7,2,2016,6,1,85.0,219.0,129.85714285714286,108.76666666666667
2016-02-08,71,1185,2.19,8,2,2016,0,0,78.0,131.0,121.28571428571429,111.13333333333334
2016-02-09,113,1072,2.19,9,2,2016,1,0,71.0,184.0,111.14285714285714,114.8
2016-02-10,138,1894,2.19,10,2,2016,2,0,113.0,266.0,92.85714285714286,119.4
2016-02-11,98,1796,2.19,11,2,2016,3,0,138.0,98.0,92.85714285714286,119.23333333333333
2016-02-12,96,1700,2.19,12,2,2016,4,0,98.0,67.0,97.0,116.96666666666667
2016-02-13,190,1510,2.19,13,2,2016,5,1,96.0,85.0,112.0,119.36666666666666
2016-02-14,105,1510,2.19,14,2,2016,6,1,190.0,78.0,115.85714285714286,120.7
2016-02-15,25,1510,2.19,15,2,2016,0,0,105.0,71.0,109.28571428571429,120.73333333333333
2016-02-16,47,1909,2.19,16,2,2016,1,0,25.0,113.0,99.85714285714286,122.3
2016-02-17,63,1845,2.19,17,2,2016,2,0,47.0,138.0,89.14285714285714,124.36666666666666
2016-02-18,39,1806,2.19,18,2,2016,3,0,63.0,98.0,80.71428571428571,125.66666666666667
2016-02-19,35,1771,2.19,19,2,2016,4,0,39.0,96.0,72.0,126.8
2016-02-20,77,1982,2.19,20,2,2016,5,1,35.0,190.0,55.857142857142854,127.36666666666666
2016-02-21,60,1922,2.19,21,2,2016,6,1,77.0,105.0,49.42857142857143,125.93333333333334
2016-02-22,52,1870,2.19,22,2,2016,0,0,60.0,25.0,53.285714285714285,118.9
2016-02-23,51,1819,2.19,23,2,2016,1,0,52.0,47.0,53.857142857142854,114.3
2016-02-24,37,1782,2.19,24,2,2016,2,0,51.0,63.0,50.142857142857146,108.96666666666667
2016-02-25,42,1740,2.19,25,2,2016,3,0,37.0,39.0,50.57142857142857,106.86666666666666
2016-02-26,89,1651,2.19,26,2,2016,4,0,42.0,35.0,58.285714285714285,105.53333333333333
2016-02-27,217,1367,2.19,27,2,2016,5,1,89.0,77.0,78.28571428571429,107.96666666666667
2016-02-28,197,1170,2.19,28,2,2016,6,1,217.0,60.0,97.85714285714286,108.76666666666667
2016-02-29,81,1089,2.19,29,2,2016,0,0,197.0,52.0,102.0,101.7
2016-03-01,58,1607,2.19,1,3,2016,1,0,81.0,51.0,103.0,96.33333333333333
2016-03-02,120,1487,2.19,2,3,2016,2,0,58.0,37.0,114.85714285714286,95.96666666666667
2016-03-03,64,1423,2.19,3,3,2016,3,0,120.0,42.0,118.0,91.96666666666667
2016-03-04,64,1743,2.59,4,3,2016,4,0,64.0,89.0,114.42857142857143,85.23333333333333
2016-03-05,76,1667,2.59,5,3,2016,5,1,64.0,217.0,94.28571428571429,84.5
2016-03-06,86,1581,2.59,6,3,2016,6,1,76.0,197.0,78.42857142857143,85.13333333333334
2016-03-07,98,1867,2.59,7,3,2016,0,0,86.0,81.0,80.85714285714286,85.56666666666666
2016-03-08,53,1814,2.59,8,3,2016,1,0,98.0,58.0,80.14285714285714,84.73333333333333
2016-03-09,38,1774,2.59,9,3,2016,2,0,53.0,120.0,68.42857142857143,83.63333333333334
2016-03-10,46,1728,2.19,10,3,2016,3,0,38.0,64.0,65.85714285714286,81.4
2016-03-11,45,1779,2.19,11,3,2016,4,0,46.0,64.0,63.142857142857146,78.3
2016-03-12,67,1712,2.19,12,3,2016,5,1,45.0,76.0,61.857142857142854,77.26666666666667
2016-03-13,52,1660,2.19,13,3,2016,6,1,67.0,86.0,57.0,75.8
2016-03-14,24,1825,2.19,14,3,2016,0,0,52.0,98.0,46.42857142857143,70.26666666666667
2016-03-15,51,1774,2.19,15,3,2016,1,0,24.0,53.0,46.142857142857146,68.46666666666667
2016-03-16,127,1647,2.19,16,3,2016,2,0,51.0,38.0,58.857142857142854,71.86666666666666
2016-03-17,75,1572,2.19,17,3,2016,3,0,127.0,46.0,63.0,72.8
2016-03-18,62,1510,2.19,18,3,2016,4,0,75.0,45.0,65.42857142857143,72.76666666666667
2016-03-19,128,1478,1.99,19,3,2016,5,1,62.0,67.0,74.14285714285714,75.73333333333333
2016-03-20,138,1340,1.99,20,3,2016,6,1,128.0,52.0,86.42857142857143,79.16666666666667
2016-03-21,74,1554,1.99,21,3,2016,0,0,138.0,24.0,93.57142857142857,79.06666666666666
2016-03-22,73,1480,2.59,22,3,2016,1,0,74.0,51.0,96.71428571428571,79.5
2016-03-23,100,1380,2.59,23,3,2016,2,0,73.0,127.0,92.85714285714286,81.1
2016-03-24,71,1501,2.59,24,3,2016,3,0,100.0,75.0,92.28571428571429,81.76666666666667
2016-03-25,99,1402,2.59,25,3,2016,4,0,71.0,62.0,97.57142857142857,83.83333333333333
2016-03-26,102,1396,2.59,26,3,2016,5,1,99.0,128.0,93.85714285714286,85.83333333333333
2016-03-27,57,1339,2.59,27,3,2016,6,1,102.0,138.0,82.28571428571429,84.76666666666667
2016-03-28,23,1507,2.59,28,3,2016,0,0,57.0,74.0,75.0,78.3
2016-03-29,35,1760,2.59,29,3,2016,1,0,23.0,73.0,69.57142857142857,72.9
2016-03-30,59,1701,2.59,30,3,2016,2,0,35.0,100.0,63.714285714285715,72.16666666666667
2016-03-31,41,1660,2.59,31,3,2016,3,0,59.0,71.0,59.42857142857143,71.6
2016-04-01,68,1592,2.59,1,4,2016,4,0,41.0,99.0,55.0,69.86666666666666
2016-04-02,84,1508,2.59,2,4,2016,5,1,68.0,102.0,52.42857142857143,70.53333333333333
2016-04-03,42,1466,2.59,3,4,2016,6,1,84.0,57.0,50.285714285714285,69.8
2016-04-04,95,1659,2.59,4,4,2016,0,0,42.0,23.0,60.57142857142857,70.43333333333334
2016-04-05,85,1574,2.59,5,4,2016,1,0,95.0,35.0,67.71428571428571,70.4
2016-04-06,102,1472,2.59,6,4,2016,2,0,85.0,59.0,73.85714285714286,70.53333333333333
2016-04-07,111,1457,2.59,7,4,2016,3,0,102.0,41.0,83.85714285714286,72.46666666666667
2016-04-08,113,1344,2.59,8,4,2016,4,0,111.0,68.0,90.28571428571429,74.96666666666667
2016-04-09,208,1136,2.59,9,4,2016,5,1,113.0,84.0,108.0,80.36666666666666
2016-04-10,148,988,2.59,10,4,2016,6,1,208.0,42.0,123.14285714285714,83.8
2016-04-11,123,2017,2.59,11,4,2016,0,0,148.0,95.0,127.14285714285714,85.66666666666667
2016-04-12,62,1955,2.59,12,4,2016,1,0,123.0,85.0,123.85714285714286,86.0
2016-04-13,129,1825,2.59,13,4,2016,2,0,62.0,102.0,127.71428571428571,89.5
2016-04-14,102,1723,2.59,14,4,2016,3,0,129.0,111.0,126.42857142857143,91.2
2016-04-15,110,3917,2.59,15,4,2016,4,0,102.0,113.0,126.0,90.63333333333334
2016-04-16,202,3715,2.59,16,4,2016,5,1,110.0,208.0,125.14285714285714,94.86666666666666
2016-04-17,144,3571,2.59,17,4,2016,6,1,202.0,148.0,124.57142857142857,97.6
2016-04-18,84,3487,2.59,18,4,2016,0,0,144.0,123.0,119.0,96.13333333333334
2016-04-19,127,3360,1.89,19,4,2016,1,0,84.0,62.0,128.28571428571428,95.76666666666667
2016-04-20,181,3179,1.89,20,4,2016,2,0,127.0,129.0,135.71428571428572,99.33333333333333
2016-04-21,268,2911,1.89,21,4,2016,3,0,181.0,102.0,159.42857142857142,105.83333333333333
2016-04-22,278,2636,1.89,22,4,2016,4,0,268.0,110.0,183.42857142857142,111.76666666666667
2016-04-23,234,2402,1.89,23,4,2016,5,1,278.0,202.0,188.0,117.2
2016-04-24,133,2269,1.89,24,4,2016,6,1,234.0,144.0,186.42857142857142,118.33333333333333
2016-04-25,91,2178,1.89,25,4,2016,0,0,133.0,84.0,187.42857142857142,117.96666666666667
2016-04-26,83,2095,2.59,26,4,2016,1,0,91.0,127.0,181.14285714285714,118.83333333333333
2016-04-27,139,1956,2.59,27,4,2016,2,0,83.0,181.0,175.14285714285714,122.7
2016-04-28,113,1843,2.59,28,4,2016,3,0,139.0,268.0,153.0,125.3
2016-04-29,141,1702,2.59,29,4,2016,4,0,113.0,278.0,133.42857142857142,128.03333333333333
2016-04-30,228,1474,2.59,30,4,2016,5,1,141.0,234.0,132.57142857142858,134.26666666666668
2016-05-01,163,1311,2.59,1,5,2016,6,1,228.0,133.0,136.85714285714286,137.43333333333334
2016-05-02,0,1605,2.59,2,5,2016,0,0,163.0,91.0,123.85714285714286,134.63333333333333
2016-05-03,125,1768,2.57,3,5,2016,1,0,0.0,83.0,129.85714285714286,137.4
2016-05-04,180,1876,2.59,4,5,2016,2,0,125.0,139.0,135.71428571428572,140.23333333333332
2016-05-05,222,1846,1.88,5,5,2016,3,0,180.0,113.0,151.28571428571428,144.8
2016-05-06,243,1602,1.89,6,5,2016,4,0,222.0,141.0,165.85714285714286,149.5
2016-05-07,408,1196,1.89,7,5,2016,5,1,243.0,228.0,191.57142857142858,159.4
2016-05-08,181,1014,1.89,8,5,2016,6,1,408.0,163.0,194.14285714285714,161.66666666666666
2016-05-09,176,838,1.88,9,5,2016,0,0,181.0,0.0,219.28571428571428,160.6
2016-05-10,178,660,1.89,10,5,2016,1,0,176.0,125.0,226.85714285714286,161.6
2016-05-11,310,348,1.38,11,5,2016,2,0,178.0,180.0,245.42857142857142,167.83333333333334
2016-05-12,134,213,1.89,12,5,2016,3,0,310.0,222.0,232.85714285714286,170.23333333333332
2016-05-13,132,81,1.89,13,5,2016,4,0,134.0,243.0,217.0,170.33333333333334
2016-05-14,1,80,1.89,14,5,2016,5,1,132.0,408.0,158.85714285714286,166.96666666666667
2016-05-15,0,80,0.0,15,5,2016,6,1,1.0,181.0,133.0,163.3
2016-05-16,0,80,2.59,16,5,2016,0,0,0.0,176.0,107.85714285714286,156.56666666666666
2016-05-17,0,2383,2.59,17,5,2016,1,0,0.0,178.0,82.42857142857143,151.76666666666668
2016-05-18,110,2262,2.59,18,5,2016,2,0,0.0,310.0,53.857142857142854,152.63333333333333
2016-05-19,81,2181,2.59,19,5,2016,3,0,110.0,134.0,46.285714285714285,151.1
2016-05-20,112,2069,2.59,20,5,2016,4,0,81.0,132.0,43.42857142857143,148.8
2016-05-21,186,2069,2.59,21,5,2016,5,1,112.0,1.0,69.85714285714286,146.06666666666666
2016-05-22,113,1770,2.59,22,5,2016,6,1,186.0,0.0,86.0,140.56666666666666
2016-05-23,86,1684,2.59,23,5,2016,0,0,113.0,0.0,98.28571428571429,135.63333333333333
2016-05-24,59,1817,2.59,24,5,2016,1,0,86.0,0.0,106.71428571428571,133.16666666666666
2016-05-25,94,5946,2.59,25,5,2016,2,0,59.0,110.0,104.42857142857143,133.26666666666668
2016-05-26,167,5779,2.59,26,5,2016,3,0,94.0,81.0,116.71428571428571,136.06666666666666
2016-05-27,244,5535,2.59,27,5,2016,4,0,167.0,112.0,135.57142857142858,139.56666666666666
2016-05-28,261,5273,2.59,28,5,2016,5,1,244.0,186.0,146.28571428571428,144.5
2016-05-29,187,5085,2.59,29,5,2016,6,1,261.0,113.0,156.85714285714286,146.03333333333333
2016-05-30,115,4970,2.59,30,5,2016,0,0,187.0,86.0,161.0,142.26666666666668
2016-05-31,139,4831,2.59,31,5,2016,1,0,115.0,59.0,172.42857142857142,141.46666666666667
2016-06-01,273,4558,2.59,1,6,2016,2,0,139.0,94.0,198.0,150.56666666666666
2016-06-02,235,4323,2.59,2,6,2016,3,0,273.0,167.0,207.71428571428572,154.23333333333332
2016-06-03,172,4151,2.59,3,6,2016,4,0,235.0,244.0,197.42857142857142,153.96666666666667
2016-06-04,323,3828,2.59,4,6,2016,5,1,172.0,261.0,206.28571428571428,157.33333333333334
2016-06-05,336,3492,2.59,5,6,2016,6,1,323.0,187.0,227.57142857142858,160.43333333333334
2016-06-06,127,3365,2.59,6,6,2016,0,0,336.0,115.0,229.28571428571428,151.06666666666666
2016-06-07,137,3228,2.59,7,6,2016,1,0,127.0,139.0,229.0,149.6
2016-06-08,249,2979,2.59,8,6,2016,2,0,137.0,273.0,225.57142857142858,152.03333333333333
2016-06-09,201,2778,2.59,9,6,2016,3,0,249.0,235.0,220.71428571428572,152.8
2016-06-10,271,2507,1.81,10,6,2016,4,0,201.0,172.0,234.85714285714286,151.5
2016-06-11,512,2187,1.65,11,6,2016,5,1,271.0,323.0,261.85714285714283,164.1
2016-06-12,317,1870,1.66,12,6,2016,6,1,512.0,336.0,259.14285714285717,170.26666666666668
2016-06-13,224,1646,1.66,13,6,2016,0,0,317.0,127.0,273.0,177.7
2016-06-14,239,1407,1.63,14,6,2016,1,0,224.0,137.0,287.57142857142856,185.66666666666666
2016-06-15,377,1182,1.63,15,6,2016,2,0,239.0,249.0,305.85714285714283,198.23333333333332
2016-06-16,239,1423,1.69,16,6,2016,3,0,377.0,201.0,311.2857142857143,206.2
2016-06-17,243,1756,1.66,17,6,2016,4,0,239.0,271.0,307.2857142857143,210.63333333333333
2016-06-18,438,1318,1.66,18,6,2016,5,1,243.0,512.0,296.7142857142857,222.53333333333333
2016-06-19,334,985,1.68,19,6,2016,6,1,438.0,317.0,299.14285714285717,229.93333333333334
2016-06-20,149,836,2.59,20,6,2016,0,0,334.0,224.0,288.42857142857144,228.7
2016-06-21,32,803,2.59,21,6,2016,1,0,149.0,239.0,258.85714285714283,226.0
2016-06-22,39,2204,2.59,22,6,2016,2,0,32.0,377.0,210.57142857142858,224.43333333333334
2016-06-23,42,2738,2.59,23,6,2016,3,0,39.0,239.0,182.42857142857142,223.86666666666667
2016-06-24,64,2674,2.39,24,6,2016,4,0,42.0,243.0,156.85714285714286,222.86666666666667
2016-06-25,170,2504,2.39,25,6,2016,5,1,64.0,438.0,118.57142857142857,222.96666666666667
2016-06-26,132,2372,2.39,26,6,2016,6,1,170.0,334.0,89.71428571428571,219.23333333333332
2016-06-27,123,2249,2.39,27,6,2016,0,0,132.0,149.0,86.0,214.63333333333333
2016-06-28,78,2171,2.39,28,6,2016,1,0,123.0,32.0,92.57142857142857,211.0
2016-06-29,130,2041,2.39,29,6,2016,2,0,78.0,39.0,105.57142857142857,211.5
2016-06-30,141,1900,2.39,30,6,2016,3,0,130.0,42.0,119.71428571428571,211.56666666666666
2016-07-01,247,1653,2.39,1,7,2016,4,0,141.0,64.0,145.85714285714286,210.7
2016-07-02,322,1331,2.39,2,7,2016,5,1,247.0,170.0,167.57142857142858,213.6
2016-07-03,196,1135,2.39,3,7,2016,6,1,322.0,132.0,176.71428571428572,214.4
2016-07-04,172,963,2.39,4,7,2016,0,0,196.0,123.0,183.71428571428572,209.36666666666667
2016-07-05,218,1413,2.39,5,7,2016,1,0,172.0,78.0,203.71428571428572,205.43333333333334
2016-07-06,216,1965,2.39,6,7,2016,2,0,218.0,130.0,216.0,208.4
2016-07-07,179,1882,2.39,7,7,2016,3,0,216.0,141.0,221.42857142857142,209.8
2016-07-08,32,2234,2.39,8,7,2016,4,0,179.0,247.0,190.71428571428572,202.56666666666666
2016-07-09,95,2139,2.39,9,7,2016,5,1,32.0,322.0,158.28571428571428,199.03333333333333
2016-07-10,78,2061,2.39,10,7,2016,6,1,95.0,196.0,141.42857142857142,192.6
2016-07-11,122,1939,2.39,11,7,2016,0,0,78.0,172.0,134.28571428571428,179.6
2016-07-12,164,1967,1.89,12,7,2016,1,0,122.0,218.0,126.57142857142857,174.5
2016-07-13,288,1670,1.89,13,7,2016,2,0,164.0,216.0,136.85714285714286,176.63333333333333
2016-07-14,138,1532,1.89,14,7,2016,3,0,288.0,179.0,131.0,173.26666666666668
2016-07-15,189,1343,1.89,15,7,2016,4,0,138.0,32.0,153.42857142857142,167.0
2016-07-16,321,1022,1.89,16,7,2016,5,1,189.0,95.0,185.71428571428572,169.73333333333332
2016-07-17,209,813,1.89,17,7,2016,6,1,321.0,78.0,204.42857142857142,168.6
2016-07-18,161,1420,1.89,18,7,2016,0,0,209.0,122.0,210.0,159.36666666666667
2016-07-19,157,1359,1.89,19,7,2016,1,0,161.0,164.0,209.0,153.46666666666667
2016-07-20,283,1075,1.89,20,7,2016,2,0,157.0,288.0,208.28571428571428,157.93333333333334
2016-07-21,60,1015,2.39,21,7,2016,3,0,283.0,138.0,197.14285714285714,158.86666666666667
2016-07-22,98,917,2.39,22,7,2016,4,0,60.0,189.0,184.14285714285714,160.83333333333334
2016-07-23,133,1550,2.39,23,7,2016,5,1,98.0,321.0,157.28571428571428,163.86666666666667
2016-07-24,130,1420,2.39,24,7,2016,6,1,133.0,209.0,146.0,166.06666666666666
2016-07-25,62,1358,2.39,25,7,2016,0,0,130.0,161.0,131.85714285714286,162.46666666666667
2016-07-26,97,2893,2.39,26,7,2016,1,0,62.0,157.0,123.28571428571429,161.3
2016-07-27,98,3179,2.39,27,7,2016,2,0,97.0,283.0,96.85714285714286,160.46666666666667
2016-07-28,108,3071,2.39,28,7,2016,3,0,98.0,60.0,103.71428571428571,161.46666666666667
2016-07-29,128,4095,2.39,29,7,2016,4,0,108.0,98.0,108.0,161.4
2016-07-30,270,3825,2.39,30,7,2016,5,1,128.0,133.0,127.57142857142857,165.7
2016-07-31,183,3642,2.39,31,7,2016,6,1,270.0,130.0,135.14285714285714,163.56666666666666
